dt,head_des_x,head_des_y,head_des_z,reye_des_x,reye_des_y,reye_des_z,leye_des_x,leye_des_y,leye_des_z,head_cur_x,head_cur_y,head_cur_z,reye_cur_x,reye_cur_y,reye_cur_z,leye_cur_x,leye_cur_y,leye_cur_z,head_ori_error,reye_orientation_error,leye_orientation_error,h1,h2,h3,q0,q1,q2,q3,q4,q5,q6,dq0,dq1,dq2,dq3,dq4,dq5,dq6,rank_t1,rank_t2
0.05,0.7,0.0,0.1385,0.7,0.0,0.1385,0.7,0.0,0.1385,0.7,0.0,0.1385,0.7,-0.0003,0.1385,0.7,0.0003,0.1385,0.0,0.0,0.0,0.0,0.0,0.0,0.0,0.0,0.0,-0.0,0.0,0.0915,-0.0915,0.0,0.0,0.0,0.0,0.0,0.0,0.0,3.0,3.0
0.05,0.7,0.0,0.1385,0.7,0.0,0.1385,0.7,0.0,0.1385,0.7,0.0,0.1385,0.7,-0.0003,0.1385,0.7,0.0003,0.1385,0.0,0.0,0.0,0.0,0.0,0.0,0.0,0.0,0.0,-0.0,0.0,0.0915,-0.0915,0.0,0.0,0.0,0.0,0.0,0.0,0.0,3.0,3.0
0.05,0.7,0.0001,0.1386,0.7,0.0,0.1385,0.7,0.0,0.1385,0.7,0.0,0.1385,0.7,-0.0003,0.1385,0.7,0.0003,0.1385,0.0,0.0,0.0,0.0,0.0,0.0,0.0,0.0,0.0,-0.0,0.0,0.0915,-0.0915,0.0,0.0,0.0,0.0,0.0,0.0,0.0,3.0,3.0
0.05,0.7,0.0002,0.1387,0.7,0.0001,0.1385,0.7,0.0001,0.1385,0.7,0.0,0.1385,0.7,-0.0003,0.1385,0.7,0.0003,0.1385,0.0,0.0,0.0,0.0,0.0,0.0,0.0,0.0,0.0,-0.0,0.0,0.0915,-0.0915,0.0,0.0,0.0,0.0,0.0,0.0,0.0,3.0,3.0
0.05,0.7,0.0003,0.1388,0.7,0.0001,0.1386,0.7,0.0001,0.1386,0.7,0.0,0.1385,0.7,-0.0003,0.1385,0.7,0.0003,0.1385,0.0,0.0,0.0,0.0,0.0,0.0,0.0,0.0,0.0,-0.0,0.0,0.0915,-0.0915,0.0,0.0,0.0,0.0,0.0,0.0,0.0,3.0,3.0
0.05,0.7,0.0006,0.1391,0.7,0.0002,0.1387,0.7,0.0002,0.1387,0.7,0.0,0.1385,0.7,-0.0003,0.1385,0.7,0.0003,0.1385,0.0,0.0,0.0,0.0,0.0,0.0,0.0,0.0,0.0,-0.0,0.0,0.0915,-0.0915,0.0,0.0,0.0,0.0,0.0,0.0,0.0,3.0,3.0
0.05,0.7,0.0009,0.1394,0.7,0.0003,0.1388,0.7,0.0003,0.1388,0.7,0.0,0.1385,0.7,-0.0003,0.1385,0.7,0.0003,0.1385,0.0,0.0,0.0,0.0,0.0,0.0,0.0,0.0,0.0,-0.0,0.0,0.0915,-0.0915,0.0,0.0,0.0,0.0,0.0,0.0,0.0,3.0,3.0
0.05,0.7,0.0013,0.1398,0.7,0.0004,0.1389,0.7,0.0004,0.1389,0.7,0.0,0.1385,0.7001,-0.0003,0.1385,0.7,0.0003,0.1385,0.0,0.0,0.0,0.0,0.0,0.0,0.0,0.0,0.0,-0.0,0.0,0.0915,-0.0915,0.0,0.0,0.0,0.0,0.0,0.0,0.0,3.0,3.0
0.05,0.7,0.0018,0.1403,0.7,0.0006,0.1391,0.7,0.0006,0.1391,0.7,0.0,0.1385,0.7001,-0.0003,0.1385,0.7,0.0003,0.1385,0.0036,0.0,0.0,0.0,0.0,0.0,0.0,0.0,0.0,-0.0,0.0,0.0915,-0.0915,0.0013,0.0026,-0.0,0.0013,-0.0026,-0.0026,-0.0026,3.0,3.0
0.05,0.7,0.0024,0.1409,0.7,0.0008,0.1393,0.7,0.0008,0.1393,0.6998,0.0018,0.1403,0.7,0.0001,0.1388,0.6997,0.0006,0.1388,0.0,0.0,0.0,0.0,0.0,0.0,0.0013,0.0026,-0.0,0.0013,-0.0026,0.0889,-0.094,0.0,0.0,0.0,0.0,0.0,0.0,0.0,3.0,3.0
0.05,0.7,0.0031,0.1416,0.7,0.001,0.1395,0.7,0.001,0.1395,0.7,0.0018,0.1403,0.7001,0.0001,0.1388,0.7,0.0006,0.1388,0.0,0.0,0.0,0.0,0.0,0.0,0.0013,0.0026,-0.0,0.0013,-0.0026,0.0889,-0.094,0.0,0.0,0.0,0.0,0.0,0.0,0.0,3.0,3.0
0.05,0.7,0.004,0.1425,0.7,0.0013,0.1398,0.7,0.0013,0.1398,0.7,0.0018,0.1403,0.7001,0.0001,0.1388,0.7,0.0006,0.1388,0.0044,0.0,0.0,0.0,0.0,0.0,0.0013,0.0026,-0.0,0.0013,-0.0026,0.0889,-0.094,0.0016,0.0031,-0.0,0.0016,-0.0031,-0.0031,-0.0031,3.0,3.0
0.05,0.7,0.005,0.1435,0.7,0.0017,0.1401,0.7,0.0017,0.1401,0.6998,0.004,0.1425,0.7001,0.0005,0.1392,0.6995,0.001,0.1392,0.0,0.0,0.0,0.0,0.0,0.0,0.0029,0.0057,-0.0,0.0029,-0.0057,0.0858,-0.0972,0.0,0.0,0.0,0.0,0.0,0.0,0.0,3.0,3.0
0.05,0.7,0.0061,0.1446,0.7,0.002,0.1405,0.7,0.002,0.1405,0.7,0.004,0.1425,0.7001,0.0005,0.1392,0.6999,0.0009,0.1392,0.0042,0.0035,0.003,0.0,0.0,0.0,0.0029,0.0057,-0.0,0.0029,-0.0057,0.0858,-0.0972,0.0015,0.003,-0.0,0.0015,-0.0007,-0.0003,-0.0011,3.0,3.0
0.05,0.7,0.0073,0.1458,0.7,0.0024,0.1409,0.7,0.0024,0.1409,0.6998,0.0061,0.1446,0.6999,0.0024,0.1409,0.6996,0.0024,0.1409,0.0,0.0,0.0,0.0,0.0,0.0,0.0043,0.0087,-0.0,0.0043,-0.0064,0.0855,-0.0982,0.0,0.0,0.0,0.0,0.0,0.0,0.0,3.0,3.0
0.05,0.7,0.0087,0.1472,0.7,0.0029,0.1414,0.7,0.0029,0.1414,0.7,0.0061,0.1446,0.7,0.0024,0.1409,0.7,0.0024,0.1409,0.0053,0.0,0.0,0.0,0.0,0.0,0.0043,0.0087,-0.0,0.0043,-0.0064,0.0855,-0.0982,0.0019,0.0037,-0.0,0.0019,-0.0037,-0.0037,-0.0037,3.0,3.0
0.05,0.7,0.0102,0.1487,0.7,0.0034,0.1419,0.7,0.0034,0.1419,0.6997,0.0087,0.1472,0.7,0.0029,0.1413,0.6995,0.0028,0.1413,0.003,0.0,0.0,0.0,0.0,0.0,0.0062,0.0124,-0.0001,0.0062,-0.0101,0.0818,-0.102,0.0011,0.0021,-0.0,0.0011,-0.0021,-0.0021,-0.0021,3.0,3.0
0.05,0.7,0.0118,0.1503,0.7,0.0039,0.1424,0.7,0.0039,0.1424,0.6999,0.0102,0.1487,0.7,0.0032,0.1416,0.6997,0.0031,0.1416,0.0033,0.0,0.0,0.0,0.0,0.0,0.0073,0.0145,-0.0001,0.0073,-0.0123,0.0796,-0.1041,0.0012,0.0023,-0.0,0.0012,-0.0023,-0.0023,-0.0023,3.0,3.0
0.05,0.7,0.0136,0.1521,0.7,0.0045,0.143,0.7,0.0045,0.143,0.6998,0.0118,0.1503,0.7,0.0035,0.1419,0.6996,0.0033,0.1419,0.0036,0.0,0.0029,0.0,0.0,0.0,0.0084,0.0169,-0.0001,0.0084,-0.0146,0.0773,-0.1064,0.0013,0.0025,-0.0,0.0013,-0.0016,-0.0025,-0.0004,3.0,3.0
0.05,0.7,0.0155,0.154,0.7,0.0052,0.1437,0.7,0.0052,0.1437,0.6998,0.0136,0.1521,0.7001,0.0038,0.1428,0.6997,0.0049,0.1428,0.0038,0.0029,0.0,0.0,0.0,0.0,0.0097,0.0194,-0.0002,0.0097,-0.0162,0.0748,-0.1068,0.0014,0.0027,-0.0001,0.0014,-0.002,-0.0003,-0.0027,3.0,3.0
0.05,0.7,0.0176,0.1561,0.7,0.0059,0.1443,0.7,0.0059,0.1443,0.6998,0.0155,0.154,0.6999,0.0055,0.1435,0.6996,0.0052,0.1435,0.0041,0.0,0.0,0.0,0.0,0.0,0.0111,0.0221,-0.0002,0.0111,-0.0182,0.0745,-0.1095,0.0015,0.0029,-0.0001,0.0015,-0.0029,-0.0029,-0.0029,3.0,3.0
0.05,0.7,0.0197,0.1582,0.7,0.0066,0.1451,0.7,0.0066,0.1451,0.6998,0.0176,0.1561,0.7,0.0059,0.1439,0.6996,0.0055,0.1439,0.0044,0.0,0.0,0.0,0.0,0.0,0.0125,0.025,-0.0003,0.0125,-0.0211,0.0715,-0.1124,0.0015,0.0031,-0.0001,0.0015,-0.0031,-0.0031,-0.0031,3.0,3.0
0.05,0.7,0.022,0.1605,0.7,0.0073,0.1458,0.7,0.0073,0.1458,0.6998,0.0197,0.1582,0.7,0.0063,0.1443,0.6995,0.0058,0.1443,0.0046,0.0032,0.0038,0.0,0.0,0.0,0.0141,0.0281,-0.0004,0.0141,-0.0241,0.0685,-0.1155,0.0016,0.0033,-0.0001,0.0016,-0.0006,-0.0014,-0.0006,3.0,3.0
0.05,0.7,0.0245,0.163,0.7,0.0082,0.1466,0.7,0.0082,0.1466,0.6998,0.022,0.1605,0.6999,0.0078,0.1462,0.6996,0.0077,0.1462,0.0049,0.0,0.0,0.0,0.0,0.0,0.0157,0.0314,-0.0005,0.0157,-0.0248,0.067,-0.1162,0.0017,0.0034,-0.0001,0.0017,-0.0034,-0.0034,-0.0034,3.0,3.0
0.05,0.7,0.027,0.1655,0.7,0.009,0.1475,0.7,0.009,0.1475,0.6998,0.0245,0.1629,0.7,0.0082,0.1466,0.6995,0.0081,0.1466,0.0051,0.0,0.0,0.0,0.0,0.0,0.0174,0.0348,-0.0006,0.0174,-0.0282,0.0636,-0.1196,0.0018,0.0036,-0.0001,0.0018,-0.0036,-0.0036,-0.0036,3.0,3.0
0.05,0.7,0.0297,0.1681,0.7,0.0099,0.1484,0.7,0.0099,0.1484,0.6998,0.027,0.1655,0.7,0.0087,0.1471,0.6995,0.0085,0.1471,0.0053,0.0031,0.0033,0.0,0.0,0.0,0.0192,0.0384,-0.0007,0.0192,-0.0318,0.06,-0.1232,0.0019,0.0038,-0.0002,0.0019,-0.0016,-0.0017,-0.0014,3.0,3.0
0.05,0.7,0.0324,0.1709,0.7,0.0108,0.1493,0.7,0.0108,0.1493,0.6997,0.0297,0.1681,0.6999,0.0104,0.1488,0.6995,0.0103,0.1488,0.0055,0.0,0.0,0.0,0.0,0.0,0.0211,0.0422,-0.0009,0.0211,-0.0334,0.0583,-0.1246,0.0019,0.0039,-0.0002,0.002,-0.0039,-0.0039,-0.0039,3.0,3.0
0.05,0.7,0.0353,0.1738,0.7,0.0118,0.1502,0.7,0.0118,0.1502,0.6997,0.0324,0.1709,0.6999,0.0109,0.1493,0.6994,0.0108,0.1493,0.0057,0.0,0.0,0.0,0.0,0.0,0.023,0.0461,-0.0011,0.0231,-0.0373,0.0544,-0.1285,0.002,0.004,-0.0002,0.002,-0.004,-0.004,-0.004,3.0,3.0
0.05,0.7,0.0382,0.1767,0.7,0.0127,0.1512,0.7,0.0127,0.1512,0.6997,0.0353,0.1738,0.7,0.0114,0.1498,0.6994,0.0112,0.1498,0.0059,0.0034,0.0038,0.0,0.0,0.0,0.0251,0.0501,-0.0013,0.0251,-0.0413,0.0504,-0.1325,0.0021,0.0042,-0.0002,0.0021,-0.0017,-0.0019,-0.0015,3.0,3.0
0.05,0.7,0.0413,0.1798,0.7,0.0138,0.1523,0.7,0.0138,0.1523,0.6997,0.0382,0.1767,0.6999,0.0133,0.1517,0.6994,0.0132,0.1517,0.0061,0.0,0.0,0.0,0.0,0.0,0.0271,0.0543,-0.0015,0.0272,-0.0431,0.0485,-0.134,0.0021,0.0043,-0.0002,0.0022,-0.0043,-0.0043,-0.0043,3.0,3.0
0.05,0.7,0.0444,0.1829,0.7,0.0148,0.1533,0.7,0.0148,0.1533,0.6997,0.0413,0.1798,0.6999,0.0138,0.1522,0.6994,0.0137,0.1522,0.0062,0.0,0.0031,0.0,0.0,0.0,0.0293,0.0586,-0.0017,0.0293,-0.0474,0.0442,-0.1383,0.0022,0.0044,-0.0003,0.0022,-0.0035,-0.0044,-0.0025,3.0,3.0
0.05,0.7,0.0476,0.1861,0.7,0.0159,0.1544,0.7,0.0159,0.1544,0.6997,0.0444,0.1829,0.7,0.0144,0.1533,0.6994,0.0153,0.1533,0.0064,0.0032,0.0,0.0,0.0,0.0,0.0315,0.063,-0.002,0.0315,-0.0509,0.0398,-0.1408,0.0022,0.0045,-0.0003,0.0023,-0.0036,-0.002,-0.0045,3.0,3.0
0.05,0.7,0.0509,0.1894,0.7,0.017,0.1555,0.7,0.017,0.1555,0.6997,0.0476,0.1861,0.6999,0.0165,0.1543,0.6993,0.0158,0.1543,0.0065,0.0,0.0033,0.0,0.0,0.0,0.0337,0.0675,-0.0023,0.0338,-0.0545,0.0378,-0.1453,0.0023,0.0046,-0.0003,0.0023,-0.0037,-0.0046,-0.0026,3.0,3.0
0.05,0.7,0.0542,0.1927,0.7,0.0181,0.1566,0.7,0.0181,0.1566,0.6997,0.0509,0.1894,0.6999,0.0171,0.1554,0.6994,0.0175,0.1554,0.0066,0.0,0.003,0.0,0.0,0.0,0.036,0.072,-0.0026,0.0361,-0.0582,0.0332,-0.1479,0.0023,0.0047,-0.0003,0.0023,-0.0037,-0.0047,-0.0036,3.0,3.0
0.05,0.7,0.0576,0.1961,0.7,0.0192,0.1577,0.7,0.0192,0.1577,0.6997,0.0542,0.1927,0.7,0.0177,0.1565,0.6994,0.0186,0.1565,0.0067,0.0033,0.0032,0.0,0.0,0.0,0.0383,0.0767,-0.0029,0.0384,-0.0619,0.0285,-0.1515,0.0024,0.0047,-0.0004,0.0024,-0.0028,-0.0021,-0.0037,3.0,3.0
0.05,0.7,0.061,0.1995,0.7,0.0203,0.1588,0.7,0.0203,0.1588,0.6997,0.0576,0.1961,0.6998,0.0198,0.1582,0.6993,0.0197,0.1582,0.0067,0.0,0.003,0.0,0.0,0.0,0.0407,0.0814,-0.0033,0.0408,-0.0647,0.0264,-0.1552,0.0024,0.0048,-0.0004,0.0024,-0.0043,-0.0048,-0.0037,3.0,3.0
0.05,0.7,0.0645,0.203,0.7,0.0215,0.16,0.7,0.0215,0.16,0.6997,0.061,0.1995,0.6999,0.0204,0.159,0.6993,0.0209,0.159,0.0068,0.0,0.0033,0.0,0.0,0.0,0.0431,0.0862,-0.0037,0.0432,-0.069,0.0216,-0.159,0.0024,0.0048,-0.0004,0.0024,-0.0041,-0.0048,-0.0038,3.0,3.0
0.05,0.7,0.068,0.2065,0.7,0.0227,0.1612,0.7,0.0227,0.1612,0.6997,0.0645,0.203,0.6999,0.0211,0.16,0.6993,0.022,0.16,0.0068,0.0033,0.0036,0.0,0.0,0.0,0.0455,0.091,-0.0041,0.0456,-0.0731,0.0168,-0.1627,0.0024,0.0048,-0.0004,0.0024,-0.003,-0.0022,-0.0038,3.0,3.0
0.05,0.7,0.0715,0.21,0.7,0.0238,0.1623,0.7,0.0238,0.1623,0.6997,0.068,0.2065,0.6998,0.0233,0.1617,0.6993,0.0232,0.1617,0.0069,0.0,0.0036,0.0,0.0,0.0,0.0479,0.0958,-0.0046,0.0481,-0.0761,0.0146,-0.1665,0.0024,0.0049,-0.0005,0.0024,-0.0044,-0.0049,-0.0038,3.0,3.0
0.05,0.7,0.075,0.2135,0.7,0.025,0.1635,0.7,0.025,0.1635,0.6997,0.0715,0.21,0.6999,0.0239,0.1625,0.6993,0.0244,0.1625,0.0069,0.0,0.0039,0.0,0.0,0.0,0.0503,0.1007,-0.0051,0.0505,-0.0805,0.0098,-0.1703,0.0024,0.0049,-0.0005,0.0024,-0.0041,-0.0049,-0.0038,3.0,3.0
0.05,0.7,0.0785,0.217,0.7,0.0262,0.1647,0.7,0.0262,0.1647,0.6997,0.075,0.2135,0.6999,0.0246,0.1635,0.6993,0.0255,0.1635,0.0068,0.0033,0.0042,0.0,0.0,0.0,0.0527,0.1055,-0.0056,0.053,-0.0846,0.0049,-0.174,0.0024,0.0048,-0.0005,0.0024,-0.003,-0.0022,-0.0038,3.0,3.0
0.05,0.7,0.082,0.2205,0.7,0.0273,0.1658,0.7,0.0273,0.1658,0.6997,0.0785,0.217,0.6998,0.0268,0.1652,0.6993,0.0267,0.1652,0.0068,0.0,0.0043,0.0,0.0,0.0,0.0551,0.1104,-0.0061,0.0554,-0.0876,0.0027,-0.1778,0.0024,0.0048,-0.0005,0.0024,-0.0043,-0.0048,-0.0037,3.0,3.0
0.05,0.7,0.0855,0.224,0.7,0.0285,0.167,0.7,0.0285,0.167,0.6997,0.082,0.2205,0.6999,0.0274,0.166,0.6993,0.0278,0.166,0.0067,0.0,0.0046,0.0,0.0,0.0,0.0575,0.1152,-0.0066,0.0578,-0.0919,-0.0021,-0.1815,0.0024,0.0048,-0.0006,0.0024,-0.004,-0.0048,-0.0037,3.0,3.0
0.05,0.7,0.089,0.2275,0.7,0.0297,0.1681,0.7,0.0297,0.1681,0.6997,0.0855,0.224,0.6999,0.0281,0.167,0.6993,0.029,0.167,0.0067,0.0033,0.0049,0.0,0.0,0.0,0.0598,0.12,-0.0072,0.0603,-0.0959,-0.0069,-0.1853,0.0023,0.0047,-0.0006,0.0024,-0.0028,-0.0021,-0.0037,3.0,3.0
0.05,0.7,0.0924,0.2309,0.7,0.0308,0.1693,0.7,0.0308,0.1693,0.6997,0.089,0.2274,0.6998,0.0303,0.1686,0.6993,0.0301,0.1686,0.0066,0.0,0.005,0.0,0.0,0.0,0.0622,0.1247,-0.0077,0.0626,-0.0988,-0.009,-0.1889,0.0023,0.0047,-0.0006,0.0024,-0.0042,-0.0047,-0.0036,3.0,3.0
0.05,0.7,0.0958,0.2343,0.7,0.0319,0.1704,0.7,0.0319,0.1704,0.6997,0.0924,0.2309,0.6999,0.0309,0.1694,0.6993,0.0313,0.1694,0.0065,0.0,0.0053,0.0,0.0,0.0,0.0645,0.1294,-0.0083,0.065,-0.103,-0.0137,-0.1926,0.0023,0.0046,-0.0006,0.0023,-0.0039,-0.0046,-0.0036,3.0,3.0
0.05,0.7,0.0991,0.2376,0.7,0.033,0.1715,0.7,0.033,0.1715,0.6997,0.0958,0.2342,0.6999,0.0315,0.1704,0.6993,0.0324,0.1704,0.0064,0.0033,0.0056,0.0,0.0,0.0,0.0668,0.134,-0.0089,0.0673,-0.1068,-0.0184,-0.1961,0.0022,0.0045,-0.0006,0.0023,-0.0026,-0.002,-0.0035,3.0,3.0
0.05,0.7,0.1024,0.2409,0.7,0.0341,0.1726,0.7,0.0341,0.1726,0.6997,0.0991,0.2376,0.6998,0.0336,0.172,0.6993,0.0335,0.172,0.0062,0.0,0.0058,0.0,0.0,0.0,0.069,0.1385,-0.0095,0.0696,-0.1095,-0.0204,-0.1996,0.0022,0.0044,-0.0006,0.0022,-0.004,-0.0045,-0.0034,3.0,3.0
0.05,0.7,0.1056,0.2441,0.7,0.0352,0.1737,0.7,0.0352,0.1737,0.6997,0.1024,0.2409,0.6998,0.0342,0.1727,0.6993,0.0345,0.1727,0.0061,0.0,0.0061,0.0,0.0,0.0,0.0712,0.1429,-0.0102,0.0719,-0.1134,-0.0248,-0.2031,0.0021,0.0043,-0.0006,0.0022,-0.0036,-0.0044,-0.0033,3.0,3.0
0.05,0.7,0.1087,0.2472,0.7,0.0362,0.1747,0.7,0.0362,0.1747,0.6997,0.1056,0.2441,0.6999,0.0348,0.1736,0.6993,0.0356,0.1736,0.0059,0.0032,0.0064,0.0,0.0,0.0,0.0733,0.1473,-0.0108,0.0741,-0.117,-0.0292,-0.2064,0.0021,0.0042,-0.0006,0.0021,-0.0024,-0.0018,-0.0033,3.0,3.0
0.05,0.7,0.1118,0.2503,0.7,0.0373,0.1757,0.7,0.0373,0.1757,0.6997,0.1087,0.2472,0.6998,0.0368,0.1751,0.6993,0.0366,0.1751,0.0058,0.0,0.0067,0.0,0.0,0.0,0.0754,0.1515,-0.0114,0.0762,-0.1194,-0.031,-0.2097,0.002,0.0041,-0.0006,0.0021,-0.0037,-0.0041,-0.0032,3.0,3.0
0.05,0.7,0.1147,0.2532,0.7,0.0382,0.1767,0.7,0.0382,0.1767,0.6997,0.1118,0.2502,0.6999,0.0373,0.1758,0.6994,0.0376,0.1758,0.0056,0.0,0.0069,0.0,0.0,0.0,0.0774,0.1556,-0.012,0.0783,-0.1231,-0.0352,-0.2129,0.0019,0.004,-0.0006,0.002,-0.0033,-0.004,-0.0031,3.0,3.0
0.05,0.7,0.1176,0.2561,0.7,0.0392,0.1777,0.7,0.0392,0.1777,0.6997,0.1147,0.2532,0.6999,0.0379,0.1766,0.6994,0.0386,0.1766,0.0054,0.0031,0.0072,0.0,0.0,0.0,0.0793,0.1595,-0.0126,0.0803,-0.1264,-0.0392,-0.2159,0.0019,0.0038,-0.0006,0.0019,-0.0021,-0.0017,-0.003,3.0,3.0
0.05,0.7,0.1203,0.2588,0.7,0.0401,0.1786,0.7,0.0401,0.1786,0.6997,0.1176,0.2561,0.6998,0.0397,0.1781,0.6994,0.0395,0.178,0.0052,0.0,0.0075,0.0,0.0,0.0,0.0812,0.1634,-0.0132,0.0822,-0.1285,-0.0408,-0.2189,0.0018,0.0037,-0.0006,0.0019,-0.0033,-0.0037,-0.0028,3.0,3.0
0.05,0.7,0.123,0.2615,0.7,0.041,0.1795,0.7,0.041,0.1795,0.6998,0.1203,0.2588,0.6999,0.0402,0.1786,0.6994,0.0404,0.1786,0.005,0.0,0.0077,0.0,0.0,0.0,0.083,0.1671,-0.0138,0.0841,-0.1318,-0.0445,-0.2217,0.0017,0.0035,-0.0006,0.0018,-0.0029,-0.0036,-0.0027,3.0,3.0
0.05,0.7,0.1255,0.264,0.7,0.0418,0.1803,0.7,0.0418,0.1803,0.6998,0.123,0.2615,0.6999,0.0406,0.1794,0.6994,0.0412,0.1794,0.0047,0.0031,0.0079,0.0,0.0,0.0,0.0847,0.1706,-0.0144,0.0859,-0.1347,-0.0481,-0.2244,0.0016,0.0034,-0.0006,0.0017,-0.0017,-0.0014,-0.0026,3.0,3.0
0.05,0.7,0.128,0.2664,0.7,0.0427,0.1811,0.7,0.0427,0.1811,0.6998,0.1255,0.264,0.6998,0.0422,0.1807,0.6994,0.042,0.1807,0.0045,0.0,0.0082,0.0,0.0,0.0,0.0863,0.174,-0.015,0.0876,-0.1364,-0.0496,-0.2271,0.0016,0.0032,-0.0006,0.0016,-0.0029,-0.0032,-0.0025,3.0,3.0
0.05,0.7,0.1303,0.2687,0.7,0.0434,0.1819,0.7,0.0434,0.1819,0.6998,0.128,0.2664,0.6999,0.0427,0.1812,0.6995,0.0428,0.1811,0.0043,0.0,0.0084,0.0,0.0,0.0,0.0879,0.1772,-0.0155,0.0893,-0.1394,-0.0528,-0.2295,0.0015,0.003,-0.0005,0.0015,-0.0025,-0.0031,-0.0023,3.0,3.0
0.05,0.7,0.1324,0.2709,0.7,0.0441,0.1826,0.7,0.0441,0.1826,0.6998,0.1303,0.2687,0.6999,0.0431,0.1818,0.6995,0.0436,0.1817,0.004,0.003,0.0086,0.0,0.0,0.0,0.0894,0.1802,-0.0161,0.0908,-0.1419,-0.0559,-0.2319,0.0014,0.0029,-0.0005,0.0015,-0.0014,-0.0012,-0.0022,3.0,3.0
0.05,0.7,0.1345,0.273,0.7,0.0448,0.1833,0.7,0.0448,0.1833,0.6998,0.1324,0.2709,0.6998,0.0445,0.1829,0.6995,0.0443,0.1829,0.0038,0.0,0.0089,0.0,0.0,0.0,0.0908,0.1831,-0.0166,0.0923,-0.1433,-0.0571,-0.2341,0.0013,0.0027,-0.0005,0.0014,-0.0025,-0.0027,-0.0021,3.0,3.0
0.05,0.7,0.1364,0.2749,0.7,0.0455,0.184,0.7,0.0455,0.184,0.6998,0.1345,0.2729,0.6999,0.0448,0.1833,0.6996,0.0449,0.1833,0.0035,0.0,0.0091,0.0,0.0,0.0,0.0921,0.1858,-0.0171,0.0936,-0.1457,-0.0598,-0.2362,0.0012,0.0025,-0.0005,0.0013,-0.0021,-0.0025,-0.0019,3.0,3.0
0.05,0.7,0.1382,0.2767,0.7,0.0461,0.1845,0.7,0.0461,0.1845,0.6998,0.1364,0.2749,0.6999,0.0452,0.1838,0.6996,0.0455,0.1838,0.0033,0.0031,0.0092,0.0,0.0,0.0,0.0933,0.1883,-0.0175,0.0949,-0.1478,-0.0624,-0.2381,0.0011,0.0023,-0.0004,0.0012,-0.001,-0.001,-0.0018,3.0,3.0
0.05,0.7,0.1398,0.2783,0.7,0.0466,0.1851,0.7,0.0466,0.1851,0.6998,0.1382,0.2766,0.6999,0.0463,0.1848,0.6996,0.0461,0.1848,0.003,0.0,0.0095,0.0,0.0,0.0,0.0944,0.1906,-0.0179,0.0961,-0.1489,-0.0633,-0.2399,0.001,0.0022,-0.0004,0.0011,-0.002,-0.0022,-0.0017,3.0,3.0
0.05,0.7,0.1413,0.2798,0.7,0.0471,0.1856,0.7,0.0471,0.1856,0.6999,0.1398,0.2783,0.6999,0.0466,0.185,0.6996,0.0466,0.185,0.0,0.0029,0.0096,0.0,0.0,0.0,0.0955,0.1927,-0.0183,0.0972,-0.1509,-0.0655,-0.2416,-0.0,-0.0,0.0,-0.0,0.0009,0.0007,0.0005,3.0,3.0
0.05,0.7,0.1427,0.2812,0.7,0.0476,0.1861,0.7,0.0476,0.1861,0.7005,0.1399,0.2784,0.7,0.047,0.1856,0.7,0.0469,0.1856,0.0053,0.0029,0.0098,0.0,0.0,0.0,0.0955,0.1927,-0.0183,0.0972,-0.15,-0.0648,-0.2411,0.0018,0.0038,-0.0007,0.0019,-0.0028,-0.0031,-0.0031,3.0,3.0
0.05,0.7,0.1439,0.2824,0.7,0.048,0.1865,0.7,0.048,0.1865,0.6997,0.1427,0.2811,0.6998,0.048,0.1865,0.6994,0.0477,0.1864,0.0,0.0028,0.0101,0.0,0.0,0.0,0.0973,0.1965,-0.0191,0.0991,-0.1529,-0.0679,-0.2442,0.0,-0.0,0.0,0.0,-0.0,-0.0002,0.0001,3.0,3.0
0.05,0.7,0.145,0.2835,0.7,0.0483,0.1868,0.7,0.0483,0.1868,0.7004,0.1428,0.2813,0.7,0.0479,0.1864,0.7,0.0477,0.1864,0.0043,0.003,0.0101,0.0,0.0,0.0,0.0973,0.1965,-0.0191,0.0991,-0.1529,-0.068,-0.2441,0.0015,0.003,-0.0006,0.0016,-0.0023,-0.0025,-0.0025,3.0,3.0
0.05,0.7,0.146,0.2845,0.7,0.0487,0.1872,0.7,0.0487,0.1872,0.6998,0.145,0.2835,0.6998,0.0487,0.1872,0.6995,0.0484,0.1871,0.0,0.003,0.0103,0.0,0.0,0.0,0.0988,0.1996,-0.0196,0.1007,-0.1552,-0.0705,-0.2466,0.0,0.0,0.0,0.0,-0.0,-0.0002,0.0,3.0,3.0
0.05,0.7,0.1469,0.2854,0.7,0.049,0.1874,0.7,0.049,0.1874,0.7004,0.1451,0.2836,0.7,0.0486,0.1871,0.7,0.0484,0.1871,0.0033,0.0031,0.0103,0.0,0.0,0.0,0.0988,0.1996,-0.0196,0.1007,-0.1553,-0.0707,-0.2466,0.0011,0.0024,-0.0005,0.0012,-0.0018,-0.0019,-0.0019,3.0,3.0
0.05,0.7,0.1476,0.2861,0.7,0.0492,0.1877,0.7,0.0492,0.1877,0.6998,0.1469,0.2853,0.6999,0.0492,0.1877,0.6996,0.0489,0.1877,0.0,0.0031,0.0105,0.0,0.0,0.0,0.0999,0.202,-0.0201,0.1019,-0.1571,-0.0726,-0.2485,0.0,-0.0,0.0,0.0,-0.0001,-0.0001,0.0,3.0,3.0
0.05,0.7,0.1482,0.2867,0.7,0.0494,0.1879,0.7,0.0494,0.1879,0.7003,0.1469,0.2854,0.7,0.0491,0.1877,0.7,0.0489,0.1877,0.0,0.0031,0.0105,0.0,0.0,0.0,0.0999,0.202,-0.0201,0.1019,-0.1571,-0.0727,-0.2485,-0.0,-0.0,0.0,-0.0,0.0003,0.0003,0.0003,3.0,3.0
0.05,0.7,0.1487,0.2872,0.7,0.0496,0.1881,0.7,0.0496,0.1881,0.7005,0.147,0.2855,0.7,0.0493,0.1879,0.7,0.0491,0.1879,0.0034,0.0031,0.0106,0.0,0.0,0.0,0.0999,0.202,-0.0201,0.1019,-0.1568,-0.0724,-0.2482,0.0012,0.0024,-0.0005,0.0012,-0.002,-0.0022,-0.0022,3.0,3.0
0.05,0.7,0.1491,0.2876,0.7,0.0497,0.1882,0.7,0.0497,0.1882,0.6998,0.1487,0.2872,0.6999,0.0498,0.1883,0.6996,0.0496,0.1883,0.0,0.0032,0.0107,0.0,0.0,0.0,0.1011,0.2044,-0.0206,0.1032,-0.1588,-0.0745,-0.2504,0.0,-0.0,0.0,0.0,-0.0002,-0.0003,-0.0002,3.0,3.0
0.05,0.7,0.1494,0.2879,0.7,0.0498,0.1883,0.7,0.0498,0.1883,0.7001,0.1488,0.2873,0.7,0.0496,0.1882,0.7,0.0494,0.1882,0.0,0.0032,0.0107,0.0,0.0,0.0,0.1011,0.2044,-0.0206,0.1032,-0.159,-0.0749,-0.2505,-0.0,0.0,-0.0,-0.0,0.0002,0.0002,0.0002,3.0,3.0
0.05,0.7,0.1497,0.2882,0.7,0.0499,0.1884,0.7,0.0499,0.1884,0.7003,0.1488,0.2873,0.7,0.0497,0.1883,0.7,0.0495,0.1883,0.0,0.0032,0.0107,0.0,0.0,0.0,0.1011,0.2044,-0.0206,0.1032,-0.1588,-0.0747,-0.2504,-0.0,-0.0,0.0,-0.0,0.0001,0.0001,0.0001,3.0,3.0
0.05,0.7,0.1498,0.2883,0.7,0.0499,0.1884,0.7,0.0499,0.1884,0.7004,0.1488,0.2873,0.7,0.0498,0.1884,0.7,0.0496,0.1884,0.0,0.0032,0.0107,0.0,0.0,0.0,0.1011,0.2044,-0.0206,0.1032,-0.1587,-0.0746,-0.2502,-0.0,0.0,-0.0,-0.0,0.0001,0.0001,0.0001,3.0,3.0
0.05,0.7,0.1499,0.2884,0.7,0.05,0.1885,0.7,0.05,0.1885,0.7004,0.1488,0.2873,0.7,0.0499,0.1884,0.7,0.0497,0.1884,0.0,0.0032,0.0108,0.0,0.0,0.0,0.1011,0.2044,-0.0206,0.1032,-0.1586,-0.0745,-0.2501,-0.0,-0.0,0.0,-0.0,0.0001,0.0001,0.0001,3.0,3.0
0.05,0.7,0.15,0.2885,0.7,0.05,0.1885,0.7,0.05,0.1885,0.7005,0.1488,0.2873,0.7,0.0499,0.1884,0.7,0.0497,0.1884,0.0,0.0032,0.0108,0.0,0.0,0.0,0.1011,0.2044,-0.0206,0.1032,-0.1586,-0.0744,-0.2501,-0.0,-0.0,0.0,-0.0,0.0,0.0,0.0,3.0,3.0
0.05,0.7,0.15,0.2885,0.7,0.05,0.1885,0.7,0.05,0.1885,0.7005,0.1488,0.2873,0.7,0.0499,0.1885,0.7,0.0497,0.1885,0.0,0.0032,0.0108,0.0,0.0,0.0,0.1011,0.2044,-0.0206,0.1032,-0.1585,-0.0744,-0.2501,-0.0,0.0,-0.0,-0.0,0.0,0.0,0.0,3.0,3.0
0.05,0.7,0.15,0.2885,0.7,0.05,0.1885,0.7,0.05,0.1885,0.7005,0.1489,0.2873,0.7,0.0499,0.1885,0.7,0.0497,0.1885,0.0,0.0032,0.0108,0.0,0.0,0.0,0.1011,0.2044,-0.0206,0.1032,-0.1585,-0.0744,-0.25,-0.0,0.0,-0.0,-0.0,0.0,0.0,0.0,3.0,3.0
0.05,0.7,0.15,0.2885,0.7,0.05,0.1885,0.7,0.05,0.1885,0.7005,0.1489,0.2873,0.7,0.0499,0.1885,0.7,0.0497,0.1885,0.0,0.0032,0.0108,0.0,0.0,0.0,0.1011,0.2044,-0.0206,0.1032,-0.1585,-0.0744,-0.25,-0.0,-0.0,0.0,-0.0,0.0,-0.0,-0.0,3.0,3.0
0.05,0.7,0.15,0.2884,0.7,0.0499,0.1885,0.7,0.0499,0.1885,0.7005,0.1489,0.2873,0.7,0.0499,0.1885,0.7,0.0497,0.1885,0.0,0.0032,0.0108,0.0,0.0,0.0,0.1011,0.2044,-0.0206,0.1032,-0.1585,-0.0744,-0.2501,-0.0,-0.0,0.0,-0.0,0.0,-0.0002,-0.0002,3.0,3.0
0.05,0.7,0.15,0.2883,0.7,0.0496,0.1885,0.7,0.0496,0.1885,0.7005,0.1488,0.2873,0.7,0.0498,0.1885,0.7,0.0496,0.1885,0.0,0.0033,0.0108,0.0,0.0,0.0,0.1011,0.2044,-0.0206,0.1032,-0.1585,-0.0746,-0.2502,-0.0,-0.0,0.0,-0.0,0.0,-0.0004,-0.0004,3.0,3.0
0.05,0.7,0.15,0.2881,0.7,0.0491,0.1885,0.7,0.0491,0.1885,0.7005,0.1488,0.2873,0.7,0.0495,0.1885,0.7,0.0493,0.1885,0.0,0.0034,0.0108,0.0,0.0,0.0,0.1011,0.2044,-0.0206,0.1032,-0.1585,-0.075,-0.2507,-0.0,-0.0,0.0,-0.0,0.0,-0.0008,-0.0008,3.0,3.0
0.05,0.7,0.15,0.2878,0.7,0.0484,0.1885,0.7,0.0484,0.1885,0.7004,0.1488,0.2873,0.7,0.0491,0.1885,0.7,0.0489,0.1885,0.0,0.0035,0.0109,0.0,0.0,0.0,0.1011,0.2044,-0.0206,0.1032,-0.1585,-0.0758,-0.2515,0.0,0.0,-0.0,0.0,0.0,-0.0013,-0.0012,3.0,3.0
0.05,0.7,0.15,0.2874,0.7,0.0473,0.1885,0.7,0.0473,0.1885,0.7004,0.1488,0.2873,0.7,0.0483,0.1885,0.7,0.0481,0.1885,0.0,0.0038,0.011,0.0,0.0,0.0,0.1011,0.2044,-0.0206,0.1032,-0.1585,-0.0771,-0.2527,-0.0,0.0,-0.0,-0.0,0.0,-0.0018,-0.0017,3.0,3.0
0.05,0.7,0.15,0.2867,0.7,0.0459,0.1885,0.7,0.0459,0.1885,0.7003,0.1488,0.2873,0.7,0.0473,0.1885,0.7,0.0471,0.1885,0.0,0.0042,0.0112,0.0,0.0,0.0,0.1011,0.2044,-0.0206,0.1032,-0.1585,-0.0789,-0.2544,-0.0,-0.0,0.0,-0.0,0.0,-0.0023,-0.0023,3.0,3.0
0.05,0.7,0.15,0.2859,0.7,0.0442,0.1885,0.7,0.0442,0.1885,0.7001,0.1488,0.2873,0.7,0.0459,0.1885,0.7,0.0457,0.1885,0.0,0.0046,0.0114,0.0,0.0,0.0,0.1011,0.2044,-0.0206,0.1032,-0.1585,-0.0812,-0.2567,-0.0,0.0,-0.0,-0.0,0.0,-0.0029,-0.0029,3.0,3.0
0.05,0.7,0.15,0.2849,0.7,0.0421,0.1885,0.7,0.0421,0.1885,0.7,0.1487,0.2872,0.7,0.0441,0.1884,0.7,0.0439,0.1884,0.0035,0.0051,0.0117,0.0,0.0,0.0,0.1011,0.2044,-0.0206,0.1032,-0.1585,-0.0842,-0.2596,-0.0015,0.0017,0.0001,-0.0016,0.0031,-0.0052,-0.0051,3.0,3.0
0.05,0.7,0.15,0.2837,0.7,0.0396,0.1885,0.7,0.0396,0.1885,0.7002,0.15,0.2849,0.7003,0.0422,0.1881,0.7001,0.042,0.1881,0.0,0.006,0.0123,0.0,0.0,0.0,0.0996,0.2061,-0.0204,0.1015,-0.1553,-0.0894,-0.2648,-0.0,-0.0,0.0,-0.0,0.0006,-0.0045,-0.0044,3.0,3.0
0.05,0.7,0.15,0.2822,0.7,0.0368,0.1885,0.7,0.0368,0.1885,0.6998,0.1499,0.2848,0.7,0.0395,0.1884,0.7,0.0393,0.1884,0.0035,0.0063,0.0127,0.0,0.0,0.0,0.0996,0.2061,-0.0204,0.1015,-0.1547,-0.0939,-0.2692,-0.0017,0.0001,0.0003,-0.0018,0.0035,-0.0048,-0.0047,3.0,3.0
0.05,0.7,0.15,0.2805,0.7,0.0337,0.1885,0.7,0.0337,0.1885,0.7002,0.15,0.2822,0.7003,0.0368,0.188,0.7003,0.0365,0.188,0.0,0.0069,0.0131,0.0,0.0,0.0,0.0978,0.2062,-0.0201,0.0997,-0.1511,-0.0987,-0.2739,0.0,0.0,-0.0,0.0,0.0007,-0.0053,-0.0053,3.0,3.0
0.05,0.7,0.15,0.2786,0.7,0.0302,0.1885,0.7,0.0302,0.1885,0.6997,0.1499,0.2821,0.7,0.0336,0.1884,0.7,0.0334,0.1884,0.0048,0.0075,0.0137,0.0,0.0,0.0,0.0978,0.2062,-0.0201,0.0997,-0.1504,-0.1041,-0.2791,-0.0024,0.0001,0.0005,-0.0025,0.0048,-0.006,-0.0058,3.0,3.0
0.05,0.7,0.15,0.2763,0.7,0.0265,0.1885,0.7,0.0265,0.1885,0.7003,0.15,0.2786,0.7005,0.0301,0.1878,0.7004,0.0299,0.1878,0.0029,0.0082,0.0142,0.0,0.0,0.0,0.0955,0.2063,-0.0196,0.0972,-0.1456,-0.11,-0.2849,-0.0014,0.0001,0.0003,-0.0015,0.0039,-0.0065,-0.0064,3.0,3.0
0.05,0.7,0.15,0.2739,0.7,0.0225,0.1885,0.7,0.0225,0.1885,0.7002,0.15,0.2764,0.7003,0.0264,0.188,0.7002,0.0262,0.188,0.0033,0.0087,0.0148,0.0,0.0,0.0,0.0941,0.2064,-0.0193,0.0957,-0.1417,-0.1165,-0.2913,-0.0016,0.0001,0.0003,-0.0017,0.0039,-0.0069,-0.0067,3.0,3.0
0.05,0.7,0.15,0.2711,0.7,0.0183,0.1885,0.7,0.0183,0.1885,0.7002,0.15,0.2739,0.7003,0.0224,0.1879,0.7003,0.0221,0.1879,0.0036,0.0093,0.0154,0.0,0.0,0.0,0.0925,0.2065,-0.019,0.094,-0.1378,-0.1234,-0.298,-0.0018,0.0001,0.0004,-0.0019,0.0043,-0.0073,-0.0071,3.0,3.0
0.05,0.7,0.15,0.2681,0.7,0.0139,0.1885,0.7,0.0139,0.1885,0.7002,0.15,0.2711,0.7004,0.0181,0.1878,0.7003,0.0179,0.1878,0.004,0.0098,0.016,0.0,0.0,0.0,0.0907,0.2066,-0.0187,0.0921,-0.1336,-0.1307,-0.3051,-0.0019,0.0001,0.0004,-0.0021,0.0047,-0.0076,-0.0074,3.0,3.0
0.05,0.7,0.15,0.2648,0.7,0.0093,0.1885,0.7,0.0093,0.1885,0.7003,0.15,0.2681,0.7004,0.0137,0.1877,0.7003,0.0135,0.1877,0.0043,0.0103,0.0166,0.0,0.0,0.0,0.0888,0.2067,-0.0183,0.09,-0.1288,-0.1383,-0.3125,-0.0021,0.0001,0.0004,-0.0023,0.0052,-0.0079,-0.0076,3.0,3.0
0.05,0.7,0.15,0.2613,0.7,0.0047,0.1885,0.7,0.0047,0.1885,0.7003,0.15,0.2648,0.7004,0.0092,0.1876,0.7003,0.0089,0.1876,0.0047,0.0108,0.0173,0.0,0.0,0.0,0.0866,0.2068,-0.0178,0.0878,-0.1237,-0.1461,-0.3201,-0.0023,0.0001,0.0005,-0.0025,0.0056,-0.0081,-0.0078,3.0,3.0
0.05,0.7,0.15,0.2574,0.7,0.0,0.1885,0.7,0.0,0.1885,0.7003,0.15,0.2613,0.7005,0.0045,0.1875,0.7004,0.0042,0.1875,0.0051,0.0113,0.0179,0.0,0.0,0.0,0.0843,0.2069,-0.0174,0.0853,-0.1181,-0.1542,-0.3279,-0.0025,0.0001,0.0005,-0.0026,0.006,-0.0082,-0.0079,3.0,3.0
0.05,0.7,0.15,0.2533,0.7,-0.0047,0.1885,0.7,-0.0047,0.1885,0.7003,0.15,0.2575,0.7005,-0.0002,0.1874,0.7004,-0.0005,0.1874,0.0054,0.0117,0.0185,0.0,0.0,0.0,0.0818,0.2071,-0.0169,0.0827,-0.112,-0.1624,-0.3358,-0.0027,0.0001,0.0005,-0.0028,0.0065,-0.0082,-0.0079,3.0,3.0
0.05,0.7,0.15,0.249,0.7,-0.0093,0.1885,0.7,-0.0093,0.1885,0.7004,0.15,0.2534,0.7005,-0.0049,0.1873,0.7004,-0.0052,0.1873,0.0058,0.0121,0.0192,0.0,0.0,0.0,0.0792,0.2072,-0.0163,0.0798,-0.1056,-0.1706,-0.3438,-0.0028,0.0001,0.0006,-0.003,0.0069,-0.0081,-0.0079,3.0,3.0
0.05,0.7,0.15,0.2444,0.7,-0.0139,0.1885,0.7,-0.0139,0.1885,0.7004,0.15,0.249,0.7005,-0.0095,0.1871,0.7004,-0.0098,0.1871,0.0062,0.0125,0.0198,0.0,0.0,0.0,0.0763,0.2073,-0.0157,0.0768,-0.0986,-0.1787,-0.3516,-0.003,0.0002,0.0006,-0.0032,0.0073,-0.008,-0.0077,3.0,3.0
0.05,0.7,0.15,0.2396,0.7,-0.0183,0.1885,0.7,-0.0183,0.1885,0.7004,0.15,0.2444,0.7006,-0.0141,0.187,0.7005,-0.0144,0.187,0.0065,0.0129,0.0205,0.0,0.0,0.0,0.0733,0.2075,-0.0151,0.0736,-0.0913,-0.1867,-0.3593,-0.0032,0.0002,0.0006,-0.0034,0.0077,-0.0078,-0.0075,3.0,3.0
0.05,0.7,0.15,0.2345,0.7,-0.0225,0.1885,0.7,-0.0225,0.1885,0.7004,0.15,0.2396,0.7006,-0.0185,0.1869,0.7005,-0.0189,0.1869,0.0068,0.0133,0.0212,0.0,0.0,0.0,0.0702,0.2077,-0.0145,0.0702,-0.0836,-0.1945,-0.3668,-0.0033,0.0002,0.0007,-0.0036,0.0082,-0.0075,-0.0072,3.0,3.0
0.05,0.7,0.15,0.2292,0.7,-0.0265,0.1885,0.7,-0.0265,0.1885,0.7005,0.15,0.2345,0.7006,-0.0228,0.1867,0.7005,-0.0231,0.1867,0.0072,0.0137,0.0219,0.0,0.0,0.0,0.0668,0.2078,-0.0138,0.0667,-0.0754,-0.202,-0.374,-0.0035,0.0002,0.0007,-0.0037,0.0085,-0.0072,-0.0069,3.0,3.0
0.05,0.7,0.15,0.2237,0.7,-0.0302,0.1885,0.7,-0.0302,0.1885,0.7005,0.15,0.2292,0.7007,-0.0268,0.1866,0.7005,-0.0272,0.1866,0.0075,0.0141,0.0227,0.0,0.0,0.0,0.0633,0.208,-0.0131,0.0629,-0.0669,-0.2092,-0.3809,-0.0037,0.0002,0.0007,-0.0039,0.0089,-0.0067,-0.0065,3.0,3.0
0.05,0.7,0.15,0.2179,0.7,-0.0337,0.1885,0.7,-0.0337,0.1885,0.7005,0.15,0.2237,0.7007,-0.0306,0.1864,0.7005,-0.031,0.1864,0.0078,0.0146,0.0235,0.0,0.0,0.0,0.0597,0.2082,-0.0123,0.059,-0.0579,-0.2159,-0.3874,-0.0038,0.0002,0.0008,-0.004,0.0093,-0.0063,-0.006,3.0,3.0
0.05,0.7,0.15,0.212,0.7,-0.0368,0.1885,0.7,-0.0368,0.1885,0.7005,0.15,0.218,0.7007,-0.0341,0.1863,0.7005,-0.0345,0.1862,0.0081,0.0151,0.0243,0.0,0.0,0.0,0.0559,0.2084,-0.0116,0.055,-0.0486,-0.2222,-0.3934,-0.0039,0.0002,0.0008,-0.0042,0.0096,-0.0057,-0.0055,3.0,3.0
0.05,0.7,0.15,0.2059,0.7,-0.0396,0.1885,0.7,-0.0396,0.1885,0.7005,0.15,0.2121,0.7007,-0.0373,0.1861,0.7006,-0.0377,0.1861,0.0083,0.0156,0.0251,0.0,0.0,0.0,0.0519,0.2086,-0.0108,0.0508,-0.039,-0.2279,-0.399,-0.0041,0.0002,0.0008,-0.0043,0.01,-0.0052,-0.005,3.0,3.0
0.05,0.7,0.15,0.1997,0.7,-0.0421,0.1885,0.7,-0.0421,0.1885,0.7006,0.15,0.206,0.7008,-0.0401,0.186,0.7006,-0.0405,0.1859,0.0086,0.0161,0.0259,0.0,0.0,0.0,0.0479,0.2088,-0.0099,0.0465,-0.029,-0.2331,-0.404,-0.0042,0.0002,0.0009,-0.0045,0.0103,-0.0046,-0.0045,3.0,3.0
0.05,0.7,0.15,0.1933,0.7,-0.0442,0.1885,0.7,-0.0442,0.1885,0.7006,0.15,0.1997,0.7008,-0.0426,0.1858,0.7006,-0.0431,0.1858,0.0088,0.0167,0.0268,0.0,0.0,0.0,0.0437,0.209,-0.0091,0.042,-0.0187,-0.2377,-0.4084,-0.0043,0.0002,0.0009,-0.0046,0.0106,-0.004,-0.0039,3.0,3.0
0.05,0.7,0.15,0.1867,0.7,-0.0459,0.1885,0.7,-0.0459,0.1885,0.7006,0.15,0.1933,0.7008,-0.0448,0.1857,0.7006,-0.0452,0.1856,0.009,0.0173,0.0277,0.0,0.0,0.0,0.0394,0.2092,-0.0082,0.0374,-0.0081,-0.2417,-0.4123,-0.0044,0.0002,0.0009,-0.0047,0.0109,-0.0034,-0.0033,3.0,3.0
0.05,0.7,0.15,0.18,0.7,-0.0473,0.1885,0.7,-0.0473,0.1885,0.7006,0.15,0.1867,0.7008,-0.0466,0.1855,0.7006,-0.047,0.1855,0.0092,0.0179,0.0286,0.0,0.0,0.0,0.035,0.2094,-0.0073,0.0327,0.0027,-0.245,-0.4156,-0.0045,0.0002,0.0009,-0.0048,0.0111,-0.0028,-0.0028,3.0,3.0
0.05,0.7,0.15,0.1733,0.7,-0.0484,0.1885,0.7,-0.0484,0.1885,0.7006,0.15,0.1801,0.7008,-0.048,0.1854,0.7006,-0.0485,0.1854,0.0094,0.0185,0.0296,0.0,0.0,0.0,0.0305,0.2096,-0.0063,0.0279,0.0138,-0.2478,-0.4184,-0.0046,0.0002,0.0009,-0.0049,0.0113,-0.0022,-0.0022,3.0,3.0
0.05,0.7,0.15,0.1664,0.7,-0.0491,0.1885,0.7,-0.0491,0.1885,0.7006,0.15,0.1733,0.7008,-0.0491,0.1853,0.7006,-0.0496,0.1853,0.0095,0.0191,0.0305,0.0,0.0,0.0,0.0259,0.2098,-0.0054,0.023,0.0252,-0.2499,-0.4206,-0.0046,0.0002,0.001,-0.005,0.0115,-0.0016,-0.0017,3.0,3.0
0.05,0.7,0.15,0.1595,0.7,-0.0496,0.1885,0.7,-0.0496,0.1885,0.7006,0.15,0.1664,0.7008,-0.0499,0.1852,0.7005,-0.0505,0.1851,0.0096,0.0197,0.0315,0.0,0.0,0.0,0.0213,0.21,-0.0044,0.0181,0.0367,-0.2516,-0.4224,-0.0047,0.0002,0.001,-0.005,0.0117,-0.0012,-0.0013,3.0,3.0
0.05,0.7,0.15,0.1525,0.7,-0.0499,0.1885,0.7,-0.0499,0.1885,0.7007,0.15,0.1595,0.7008,-0.0504,0.1851,0.7005,-0.051,0.185,0.0097,0.0203,0.0324,0.0,0.0,0.0,0.0166,0.2102,-0.0035,0.0131,0.0484,-0.2528,-0.4237,-0.0047,0.0002,0.001,-0.0051,0.0118,-0.0008,-0.001,3.0,3.0
0.05,0.7,0.15,0.1455,0.7,-0.05,0.1885,0.7,-0.05,0.1885,0.7007,0.15,0.1525,0.7008,-0.0507,0.185,0.7005,-0.0514,0.1849,0.0098,0.0209,0.0333,0.0,0.0,0.0,0.0118,0.2104,-0.0025,0.008,0.0602,-0.2536,-0.4247,-0.0048,0.0002,0.001,-0.0051,0.0119,-0.0005,-0.0007,3.0,3.0
0.05,0.7,0.15,0.1385,0.7,-0.05,0.1885,0.7,-0.05,0.1885,0.7007,0.15,0.1455,0.7008,-0.0509,0.1849,0.7005,-0.0515,0.1849,0.0098,0.0215,0.0343,0.0,0.0,0.0,0.007,0.2106,-0.0015,0.0029,0.0721,-0.2541,-0.4254,-0.0048,0.0002,0.001,-0.0051,0.012,-0.0004,-0.0006,3.0,3.0
0.05,0.7,0.15,0.1315,0.7,-0.05,0.1885,0.7,-0.05,0.1885,0.7007,0.15,0.1385,0.7008,-0.0509,0.1848,0.7005,-0.0516,0.1848,0.0098,0.0221,0.0352,0.0,0.0,0.0,0.0022,0.2108,-0.0005,-0.0022,0.0841,-0.2545,-0.4259,-0.0048,0.0002,0.001,-0.0051,0.012,-0.0003,-0.0005,3.0,3.0
0.05,0.7,0.15,0.1245,0.7,-0.05,0.1884,0.7,-0.05,0.1884,0.7007,0.15,0.1315,0.7008,-0.051,0.1847,0.7005,-0.0517,0.1847,0.0098,0.0227,0.0362,0.0,0.0,0.0,-0.0026,0.211,0.0005,-0.0073,0.096,-0.2548,-0.4265,-0.0048,0.0002,0.001,-0.0051,0.0118,-0.0003,-0.0005,3.0,3.0
0.05,0.7,0.15,0.1175,0.7,-0.05,0.1881,0.7,-0.05,0.1881,0.7007,0.15,0.1244,0.7008,-0.051,0.1846,0.7005,-0.0518,0.1845,0.0098,0.0231,0.037,0.0,0.0,0.0,-0.0073,0.2112,0.0015,-0.0124,0.1079,-0.2551,-0.427,-0.0048,0.0002,0.001,-0.0051,0.0115,-0.0003,-0.0005,3.0,3.0
0.05,0.7,0.15,0.1106,0.7,-0.05,0.1876,0.7,-0.05,0.1876,0.7007,0.15,0.1175,0.7008,-0.0511,0.1843,0.7004,-0.0519,0.1842,0.0097,0.0235,0.0377,0.0,0.0,0.0,-0.0121,0.2114,0.0025,-0.0175,0.1194,-0.2554,-0.4275,-0.0047,0.0002,0.001,-0.0051,0.0111,-0.0003,-0.0005,3.0,3.0
0.05,0.7,0.15,0.1037,0.7,-0.05,0.1869,0.7,-0.05,0.1869,0.7007,0.15,0.1105,0.7008,-0.0511,0.1837,0.7004,-0.052,0.1837,0.0096,0.0238,0.0383,0.0,0.0,0.0,-0.0169,0.2116,0.0035,-0.0226,0.1305,-0.2558,-0.428,-0.0047,0.0002,0.001,-0.005,0.0105,-0.0003,-0.0005,3.0,3.0
0.05,0.7,0.15,0.0969,0.7,-0.05,0.1858,0.7,-0.05,0.1858,0.7007,0.15,0.1037,0.7008,-0.0512,0.183,0.7004,-0.052,0.1829,0.0095,0.0239,0.0386,0.0,0.0,0.0,-0.0216,0.2117,0.0045,-0.0276,0.141,-0.2561,-0.4285,-0.0046,0.0002,0.001,-0.005,0.0099,-0.0003,-0.0004,3.0,3.0
0.05,0.7,0.15,0.0903,0.7,-0.05,0.1844,0.7,-0.05,0.1844,0.7006,0.15,0.0969,0.7008,-0.0512,0.1819,0.7004,-0.052,0.1819,0.0093,0.0239,0.0387,0.0,0.0,0.0,-0.0262,0.2119,0.0055,-0.0326,0.1509,-0.2563,-0.4289,-0.0046,0.0002,0.001,-0.0049,0.0091,-0.0003,-0.0004,3.0,3.0
0.05,0.7,0.15,0.0837,0.7,-0.05,0.1827,0.7,-0.05,0.1827,0.7006,0.15,0.0902,0.7008,-0.0512,0.1805,0.7003,-0.052,0.1805,0.0092,0.0238,0.0386,0.0,0.0,0.0,-0.0308,0.2121,0.0065,-0.0374,0.16,-0.2566,-0.4293,-0.0045,0.0002,0.001,-0.0048,0.0083,-0.0002,-0.0004,3.0,3.0
0.05,0.7,0.15,0.0773,0.7,-0.05,0.1806,0.7,-0.05,0.1806,0.7006,0.15,0.0837,0.7007,-0.0512,0.1788,0.7003,-0.052,0.1788,0.009,0.0235,0.0382,0.0,0.0,0.0,-0.0353,0.2122,0.0074,-0.0422,0.1683,-0.2568,-0.4297,-0.0044,0.0001,0.0009,-0.0047,0.0075,-0.0002,-0.0003,3.0,3.0
0.05,0.7,0.15,0.0711,0.7,-0.05,0.1781,0.7,-0.05,0.1781,0.7006,0.15,0.0773,0.7007,-0.0511,0.1768,0.7003,-0.052,0.1768,0.0088,0.023,0.0376,0.0,0.0,0.0,-0.0397,0.2124,0.0084,-0.0469,0.1757,-0.257,-0.43,-0.0043,0.0001,0.0009,-0.0046,0.0066,-0.0002,-0.0003,3.0,3.0
0.05,0.7,0.15,0.065,0.7,-0.05,0.1753,0.7,-0.05,0.1753,0.7006,0.15,0.071,0.7007,-0.0511,0.1744,0.7003,-0.0519,0.1744,0.0085,0.0224,0.0366,0.0,0.0,0.0,-0.0439,0.2125,0.0093,-0.0515,0.1823,-0.2572,-0.4303,-0.0042,0.0001,0.0009,-0.0045,0.0057,-0.0002,-0.0003,3.0,3.0
0.05,0.7,0.15,0.059,0.7,-0.05,0.1722,0.7,-0.05,0.1722,0.7006,0.15,0.0649,0.7006,-0.051,0.1717,0.7003,-0.0518,0.1717,0.0083,0.0216,0.0354,0.0,0.0,0.0,-0.0481,0.2127,0.0102,-0.056,0.188,-0.2574,-0.4306,-0.0041,0.0001,0.0009,-0.0043,0.0048,-0.0001,-0.0002,3.0,3.0
0.05,0.7,0.15,0.0533,0.7,-0.05,0.1687,0.7,-0.05,0.1687,0.7006,0.15,0.059,0.7006,-0.0509,0.1687,0.7003,-0.0516,0.1687,0.008,0.0207,0.034,0.0,0.0,0.0,-0.0522,0.2128,0.011,-0.0603,0.1928,-0.2576,-0.4308,-0.0039,0.0001,0.0008,-0.0042,0.0039,-0.0001,-0.0002,3.0,3.0
0.05,0.7,0.15,0.0478,0.7,-0.05,0.165,0.7,-0.05,0.165,0.7005,0.15,0.0533,0.7006,-0.0509,0.1654,0.7003,-0.0515,0.1654,0.0077,0.0197,0.0323,0.0,0.0,0.0,-0.0561,0.2129,0.0119,-0.0645,0.1967,-0.2577,-0.431,-0.0038,0.0001,0.0008,-0.004,0.003,-0.0001,-0.0002,3.0,3.0
0.05,0.7,0.15,0.0425,0.7,-0.05,0.161,0.7,-0.05,0.161,0.7005,0.15,0.0478,0.7005,-0.0508,0.1618,0.7003,-0.0513,0.1618,0.0074,0.0186,0.0304,0.0,0.0,0.0,-0.0599,0.213,0.0127,-0.0685,0.1997,-0.2578,-0.4312,-0.0036,0.0001,0.0008,-0.0039,0.0022,-0.0001,-0.0001,3.0,3.0
0.05,0.7,0.15,0.0374,0.7,-0.05,0.1567,0.7,-0.05,0.1567,0.7005,0.15,0.0425,0.7005,-0.0507,0.158,0.7003,-0.0511,0.158,0.0071,0.0173,0.0283,0.0,0.0,0.0,-0.0635,0.2131,0.0134,-0.0724,0.2019,-0.2579,-0.4313,-0.0035,0.0001,0.0007,-0.0037,0.0014,-0.0001,-0.0001,3.0,3.0
0.05,0.7,0.15,0.0326,0.7,-0.05,0.1523,0.7,-0.05,0.1523,0.7005,0.15,0.0374,0.7005,-0.0506,0.154,0.7002,-0.051,0.154,0.0068,0.016,0.026,0.0,0.0,0.0,-0.067,0.2132,0.0142,-0.0761,0.2034,-0.258,-0.4314,-0.0033,0.0001,0.0007,-0.0035,0.0007,-0.0001,-0.0001,3.0,3.0
0.05,0.7,0.15,0.028,0.7,-0.05,0.1478,0.7,-0.05,0.1478,0.7005,0.15,0.0325,0.7004,-0.0505,0.1498,0.7002,-0.0508,0.1498,0.0064,0.0147,0.0235,0.0,0.0,0.0,-0.0703,0.2133,0.0149,-0.0796,0.2041,-0.258,-0.4315,-0.0031,0.0001,0.0007,-0.0033,0.0,-0.0001,-0.0001,3.0,3.0
0.05,0.7,0.15,0.0236,0.7,-0.05,0.1432,0.7,-0.05,0.1432,0.7004,0.15,0.0279,0.7004,-0.0504,0.1455,0.7002,-0.0506,0.1455,0.0061,0.0133,0.021,0.0,0.0,0.0,-0.0734,0.2134,0.0156,-0.083,0.2041,-0.2581,-0.4316,-0.003,0.0001,0.0006,-0.0032,-0.0006,-0.0001,-0.0001,3.0,3.0
0.05,0.7,0.15,0.0195,0.7,-0.05,0.1385,0.7,-0.05,0.1385,0.7004,0.15,0.0236,0.7003,-0.0503,0.1411,0.7002,-0.0505,0.1411,0.0057,0.0119,0.0184,0.0,0.0,0.0,-0.0763,0.2135,0.0162,-0.0862,0.2035,-0.2582,-0.4317,-0.0028,0.0001,0.0006,-0.003,-0.0011,-0.0001,-0.0001,3.0,3.0
0.05,0.7,0.15,0.0157,0.7,-0.05,0.1338,0.7,-0.05,0.1338,0.7004,0.15,0.0195,0.7003,-0.0502,0.1367,0.7002,-0.0503,0.1367,0.0053,0.0105,0.0158,0.0,0.0,0.0,-0.0791,0.2136,0.0168,-0.0891,0.2023,-0.2582,-0.4318,-0.0026,0.0001,0.0006,-0.0028,-0.0016,-0.0001,-0.0001,3.0,3.0
0.05,0.7,0.15,0.0122,0.7,-0.05,0.1292,0.7,-0.05,0.1292,0.7004,0.15,0.0157,0.7003,-0.0501,0.1323,0.7002,-0.0502,0.1323,0.0049,0.0092,0.0132,0.0,0.0,0.0,-0.0817,0.2137,0.0174,-0.0919,0.2007,-0.2583,-0.4319,-0.0024,0.0001,0.0005,-0.0026,-0.002,-0.0001,-0.0001,3.0,3.0
0.05,0.7,0.15,0.0089,0.7,-0.05,0.1246,0.7,-0.05,0.1246,0.7003,0.15,0.0121,0.7002,-0.0501,0.1279,0.7002,-0.0501,0.1279,0.0046,0.0081,0.0107,0.0,0.0,0.0,-0.0841,0.2137,0.0179,-0.0945,0.1987,-0.2584,-0.432,-0.0022,0.0001,0.0005,-0.0024,-0.0023,-0.0001,-0.0001,3.0,3.0
0.05,0.7,0.15,0.0059,0.7,-0.05,0.1202,0.7,-0.05,0.1202,0.7003,0.15,0.0089,0.7002,-0.05,0.1236,0.7002,-0.0501,0.1236,0.0042,0.0072,0.0085,0.0,0.0,0.0,-0.0864,0.2138,0.0184,-0.0969,0.1964,-0.2584,-0.4321,-0.002,0.0001,0.0004,-0.0022,-0.0025,-0.0001,-0.0001,3.0,3.0
0.05,0.7,0.15,0.0031,0.7,-0.05,0.116,0.7,-0.05,0.116,0.7003,0.15,0.0058,0.7002,-0.05,0.1194,0.7002,-0.05,0.1194,0.0038,0.0065,0.0068,0.0,0.0,0.0,-0.0884,0.2138,0.0188,-0.0991,0.1939,-0.2585,-0.4322,-0.0019,0.0001,0.0004,-0.002,-0.0027,-0.0001,-0.0001,3.0,3.0
0.05,0.7,0.15,0.0006,0.7,-0.05,0.112,0.7,-0.05,0.112,0.7003,0.15,0.0031,0.7002,-0.05,0.1155,0.7002,-0.05,0.1155,0.0034,0.0062,0.0059,0.0,0.0,0.0,-0.0903,0.2139,0.0192,-0.101,0.1912,-0.2586,-0.4323,-0.0017,0.0,0.0004,-0.0018,-0.0028,-0.0001,-0.0001,3.0,3.0
0.05,0.7,0.15,-0.0016,0.7,-0.05,0.1083,0.7,-0.05,0.1083,0.7002,0.15,0.0006,0.7002,-0.05,0.1117,0.7001,-0.05,0.1117,0.0031,0.0063,0.0061,0.0,0.0,0.0,-0.0919,0.2139,0.0196,-0.1028,0.1885,-0.2586,-0.4324,-0.0015,0.0,0.0003,-0.0016,-0.0028,-0.0001,-0.0001,3.0,3.0
0.05,0.7,0.15,-0.0035,0.7,-0.05,0.1048,0.7,-0.05,0.1048,0.7002,0.15,-0.0016,0.7001,-0.05,0.1082,0.7001,-0.05,0.1082,0.0,0.0066,0.0071,0.0,0.0,0.0,-0.0934,0.214,0.0199,-0.1044,0.1857,-0.2587,-0.4325,-0.0,-0.0,-0.0,-0.0,-0.0054,-0.0,-0.0001,3.0,3.0
0.05,0.7,0.15,-0.0052,0.7,-0.05,0.1017,0.7,-0.05,0.1017,0.7004,0.15,-0.0016,0.7,-0.05,0.1053,0.7,-0.05,0.1053,0.005,0.0076,0.0089,0.0,0.0,0.0,-0.0934,0.214,0.0199,-0.1044,0.1803,-0.2587,-0.4326,-0.0025,0.0,0.0005,-0.0026,-0.0005,-0.0001,-0.0001,3.0,3.0
0.05,0.7,0.15,-0.0067,0.7,-0.05,0.0988,0.7,-0.05,0.0988,0.7003,0.15,-0.0053,0.7002,-0.0501,0.1016,0.7002,-0.0501,0.1016,0.0,0.0073,0.01,0.0,0.0,0.0,-0.0959,0.214,0.0204,-0.1071,0.1798,-0.2588,-0.4327,0.0,0.0,0.0,0.0,-0.0038,-0.0,-0.0001,3.0,3.0
0.05,0.7,0.15,-0.0079,0.7,-0.05,0.0964,0.7,-0.05,0.0964,0.7003,0.15,-0.0053,0.7,-0.0501,0.0996,0.7,-0.0501,0.0996,0.0037,0.0086,0.0117,0.0,0.0,0.0,-0.0959,0.214,0.0204,-0.1071,0.176,-0.2588,-0.4328,-0.0018,0.0001,0.0004,-0.0019,-0.0006,-0.0001,-0.0001,3.0,3.0
0.05,0.7,0.15,-0.0089,0.7,-0.05,0.0943,0.7,-0.05,0.0943,0.7003,0.15,-0.008,0.7002,-0.0501,0.0968,0.7001,-0.0502,0.0968,0.0,0.0087,0.0129,0.0,0.0,0.0,-0.0977,0.2141,0.0208,-0.109,0.1754,-0.2589,-0.4329,0.0,0.0,0.0,0.0,-0.0029,-0.0,-0.0001,3.0,3.0
0.05,0.7,0.15,-0.0098,0.7,-0.05,0.0925,0.7,-0.05,0.0925,0.7002,0.15,-0.0079,0.7,-0.0501,0.0952,0.7,-0.0502,0.0952,0.0,0.0095,0.0142,0.0,0.0,0.0,-0.0977,0.2141,0.0208,-0.109,0.1725,-0.259,-0.433,0.0,-0.0,0.0,0.0,-0.0031,-0.0,-0.0,3.0,3.0
0.05,0.7,0.15,-0.0104,0.7,-0.05,0.0912,0.7,-0.05,0.0912,0.7004,0.15,-0.008,0.7,-0.0502,0.0936,0.7,-0.0503,0.0936,0.0034,0.01,0.0153,0.0,0.0,0.0,-0.0977,0.2141,0.0208,-0.109,0.1694,-0.259,-0.433,-0.0017,0.0,0.0004,-0.0018,0.0009,-0.0001,-0.0001,3.0,3.0
0.05,0.7,0.15,-0.0108,0.7,-0.05,0.0901,0.7,-0.05,0.0901,0.7002,0.15,-0.0104,0.7002,-0.0502,0.0918,0.7001,-0.0503,0.0918,0.0,0.0101,0.016,0.0,0.0,0.0,-0.0994,0.2141,0.0212,-0.1108,0.1704,-0.2591,-0.4331,-0.0,0.0,0.0,-0.0,-0.0011,-0.0,-0.0001,3.0,3.0
0.05,0.7,0.15,-0.0112,0.7,-0.05,0.0893,0.7,-0.05,0.0893,0.7001,0.15,-0.0104,0.7,-0.0502,0.0912,0.7,-0.0503,0.0912,0.0,0.0105,0.0165,0.0,0.0,0.0,-0.0994,0.2141,0.0212,-0.1108,0.1693,-0.2591,-0.4332,-0.0,-0.0,-0.0,-0.0,-0.0013,-0.0,-0.0,3.0,3.0
0.05,0.7,0.15,-0.0114,0.7,-0.05,0.0889,0.7,-0.05,0.0889,0.7002,0.15,-0.0104,0.7,-0.0502,0.0905,0.7,-0.0504,0.0905,0.0,0.0107,0.017,0.0,0.0,0.0,-0.0994,0.2141,0.0212,-0.1108,0.1679,-0.2591,-0.4332,-0.0,0.0,0.0,-0.0,-0.0008,-0.0,-0.0,3.0,3.0
0.05,0.7,0.15,-0.0115,0.7,-0.05,0.0886,0.7,-0.05,0.0886,0.7002,0.15,-0.0104,0.7,-0.0502,0.0901,0.7,-0.0504,0.0901,0.0,0.0108,0.0173,0.0,0.0,0.0,-0.0994,0.2141,0.0212,-0.1108,0.1671,-0.2591,-0.4332,-0.0,0.0,-0.0,-0.0,-0.0005,-0.0,-0.0,3.0,3.0
0.05,0.7,0.15,-0.0115,0.7,-0.05,0.0885,0.7,-0.05,0.0885,0.7002,0.15,-0.0104,0.7,-0.0502,0.0898,0.7,-0.0504,0.0898,0.0,0.0108,0.0174,0.0,0.0,0.0,-0.0994,0.2141,0.0212,-0.1108,0.1666,-0.2591,-0.4333,-0.0,-0.0,-0.0,-0.0,-0.0002,-0.0,-0.0,3.0,3.0
0.05,0.7,0.15,-0.0115,0.7,-0.05,0.0885,0.7,-0.05,0.0885,0.7002,0.15,-0.0104,0.7,-0.0502,0.0897,0.7,-0.0504,0.0897,0.0,0.0108,0.0175,0.0,0.0,0.0,-0.0994,0.2141,0.0212,-0.1108,0.1665,-0.2591,-0.4333,-0.0,-0.0,-0.0,-0.0,-0.0,-0.0,-0.0,3.0,3.0
0.05,0.7,0.15,-0.0115,0.7,-0.05,0.0885,0.7,-0.05,0.0885,0.7002,0.15,-0.0104,0.7,-0.0502,0.0897,0.7,-0.0504,0.0897,0.0,0.0108,0.0175,0.0,0.0,0.0,-0.0994,0.2141,0.0212,-0.1108,0.1664,-0.2591,-0.4333,-0.0,0.0,0.0,-0.0,-0.0,0.0,0.0,3.0,3.0
0.05,0.7,0.15,-0.0115,0.7,-0.0499,0.0885,0.7,-0.0499,0.0885,0.7002,0.15,-0.0104,0.7,-0.0502,0.0897,0.7,-0.0504,0.0897,0.0,0.0108,0.0175,0.0,0.0,0.0,-0.0994,0.2141,0.0212,-0.1108,0.1664,-0.2591,-0.4332,-0.0,0.0,0.0,-0.0,-0.0,0.0002,0.0002,3.0,3.0
0.05,0.7,0.1499,-0.0115,0.7,-0.0496,0.0885,0.7,-0.0496,0.0885,0.7002,0.15,-0.0104,0.7,-0.0501,0.0897,0.7,-0.0503,0.0897,0.0,0.0108,0.0175,0.0,0.0,0.0,-0.0994,0.2141,0.0212,-0.1108,0.1664,-0.2589,-0.4331,0.0,-0.0,-0.0,0.0,-0.0,0.0005,0.0004,3.0,3.0
0.05,0.7,0.1497,-0.0115,0.7,-0.0491,0.0885,0.7,-0.0491,0.0885,0.7002,0.15,-0.0104,0.7,-0.0499,0.0897,0.7,-0.05,0.0897,0.0,0.0108,0.0175,0.0,0.0,0.0,-0.0994,0.2141,0.0212,-0.1108,0.1664,-0.2585,-0.4326,0.0,-0.0,-0.0,0.0,-0.0,0.0009,0.0008,3.0,3.0
0.05,0.7,0.1493,-0.0115,0.7,-0.0484,0.0885,0.7,-0.0484,0.0885,0.7002,0.15,-0.0104,0.7,-0.0494,0.0897,0.7,-0.0496,0.0897,0.0,0.0109,0.0175,0.0,0.0,0.0,-0.0994,0.2141,0.0212,-0.1108,0.1664,-0.2576,-0.4318,0.0,-0.0,-0.0,0.0,-0.0,0.0013,0.0012,3.0,3.0
0.05,0.7,0.1489,-0.0115,0.7,-0.0473,0.0885,0.7,-0.0473,0.0885,0.7001,0.15,-0.0104,0.7,-0.0486,0.0897,0.7,-0.0488,0.0897,0.0,0.0109,0.0175,0.0,0.0,0.0,-0.0994,0.2141,0.0212,-0.1108,0.1664,-0.2563,-0.4306,-0.0,0.0,0.0,-0.0,-0.0,0.0019,0.0017,3.0,3.0
0.05,0.7,0.1482,-0.0115,0.7,-0.0459,0.0885,0.7,-0.0459,0.0885,0.7,0.15,-0.0104,0.7,-0.0476,0.0897,0.7,-0.0477,0.0897,0.0029,0.0109,0.0175,0.0,0.0,0.0,-0.0994,0.2141,0.0212,-0.1108,0.1664,-0.2544,-0.4289,-0.0008,-0.0024,-0.0001,-0.0009,0.0017,0.0049,0.0047,3.0,3.0
0.05,0.7,0.1474,-0.0115,0.7,-0.0442,0.0885,0.7,-0.0442,0.0885,0.7001,0.1482,-0.0115,0.7,-0.0465,0.0894,0.7002,-0.0466,0.0894,0.0,0.011,0.0174,0.0,0.0,0.0,-0.1002,0.2117,0.0211,-0.1116,0.1681,-0.2495,-0.4242,-0.0,-0.0,-0.0,-0.0,0.0003,0.0037,0.0032,3.0,3.0
0.05,0.7,0.1464,-0.0115,0.7,-0.0421,0.0885,0.7,-0.0421,0.0885,0.6998,0.1482,-0.0115,0.7,-0.0444,0.0896,0.7,-0.0446,0.0896,0.0,0.0109,0.0173,0.0,0.0,0.0,-0.1002,0.2117,0.0211,-0.1116,0.1684,-0.2458,-0.4209,0.0,-0.0,-0.0,0.0,-0.0,0.0038,0.0035,3.0,3.0
0.05,0.7,0.1452,-0.0115,0.7,-0.0396,0.0885,0.7,-0.0396,0.0885,0.6996,0.1481,-0.0114,0.7,-0.0423,0.0896,0.7,-0.0425,0.0896,0.0042,0.011,0.0173,0.0,0.0,0.0,-0.1002,0.2117,0.0211,-0.1116,0.1684,-0.242,-0.4175,-0.0001,-0.0042,-0.0004,-0.0001,0.0002,0.0087,0.0083,3.0,3.0
0.05,0.7,0.1437,-0.0115,0.7,-0.0368,0.0885,0.7,-0.0368,0.0885,0.7,0.1452,-0.0115,0.6999,-0.0404,0.0895,0.7003,-0.0405,0.0895,0.0,0.0114,0.0173,0.0,0.0,0.0,-0.1002,0.2075,0.0207,-0.1117,0.1686,-0.2333,-0.4091,-0.0,0.0,0.0,-0.0,-0.0,0.0061,0.0053,3.0,3.0
0.05,0.7,0.142,-0.0115,0.7,-0.0337,0.0885,0.7,-0.0337,0.0885,0.6997,0.1451,-0.0114,0.7,-0.037,0.0895,0.7,-0.0372,0.0895,0.0044,0.011,0.0171,0.0,0.0,0.0,-0.1002,0.2075,0.0207,-0.1117,0.1686,-0.2273,-0.4038,-0.0,-0.0044,-0.0004,-0.0001,0.0002,0.0101,0.0097,3.0,3.0
0.05,0.7,0.1401,-0.0115,0.7,-0.0302,0.0885,0.7,-0.0302,0.0885,0.7,0.142,-0.0115,0.6999,-0.0345,0.0894,0.7003,-0.0345,0.0894,0.0,0.0116,0.0172,0.0,0.0,0.0,-0.1003,0.2031,0.0203,-0.1117,0.1688,-0.2172,-0.3941,0.0,-0.0,-0.0,0.0,-0.0,0.0073,0.0065,3.0,3.0
0.05,0.7,0.1378,-0.0115,0.7,-0.0265,0.0885,0.7,-0.0265,0.0885,0.6996,0.1419,-0.0114,0.7,-0.0304,0.0893,0.7,-0.0306,0.0893,0.0058,0.011,0.0169,0.0,0.0,0.0,-0.1003,0.2031,0.0203,-0.1117,0.1688,-0.2099,-0.3876,-0.0001,-0.0058,-0.0006,-0.0001,0.0002,0.0126,0.0121,3.0,3.0
0.05,0.7,0.1354,-0.0115,0.7,-0.0225,0.0885,0.7,-0.0225,0.0885,0.7,0.1378,-0.0115,0.6999,-0.0274,0.0893,0.7004,-0.0275,0.0892,0.0035,0.0118,0.017,0.0,0.0,0.0,-0.1003,0.1973,0.0197,-0.1118,0.169,-0.1973,-0.3755,-0.0,-0.0035,-0.0003,-0.0,0.0002,0.0121,0.0112,3.0,3.0
0.05,0.7,0.1326,-0.0115,0.7,-0.0183,0.0885,0.7,-0.0183,0.0885,0.7,0.1354,-0.0115,0.6999,-0.0231,0.0892,0.7002,-0.0232,0.0892,0.0039,0.0114,0.0166,0.0,0.0,0.0,-0.1004,0.1938,0.0194,-0.1118,0.1692,-0.1852,-0.3643,-0.0,-0.0038,-0.0004,-0.0,0.0002,0.0123,0.0116,3.0,3.0
0.05,0.7,0.1296,-0.0115,0.7,-0.0139,0.0885,0.7,-0.0139,0.0885,0.7,0.1326,-0.0115,0.6999,-0.0189,0.0891,0.7003,-0.019,0.0891,0.0042,0.0114,0.0164,0.0,0.0,0.0,-0.1004,0.19,0.019,-0.1119,0.1694,-0.173,-0.3528,-0.0,-0.0042,-0.0004,-0.0,0.0002,0.0131,0.0123,3.0,3.0
0.05,0.7,0.1263,-0.0115,0.7,-0.0093,0.0885,0.7,-0.0093,0.0885,0.7,0.1296,-0.0115,0.6999,-0.0145,0.0891,0.7003,-0.0146,0.089,0.0046,0.0113,0.0161,0.0,0.0,0.0,-0.1005,0.1858,0.0186,-0.1119,0.1695,-0.1599,-0.3404,-0.0,-0.0046,-0.0004,-0.0,0.0002,0.0138,0.0131,3.0,3.0
0.05,0.7,0.1228,-0.0115,0.7,-0.0047,0.0885,0.7,-0.0047,0.0885,0.7,0.1263,-0.0115,0.6999,-0.01,0.089,0.7003,-0.0101,0.089,0.005,0.0112,0.0158,0.0,0.0,0.0,-0.1005,0.1812,0.0182,-0.112,0.1697,-0.1461,-0.3274,-0.0,-0.005,-0.0005,-0.0001,0.0002,0.0144,0.0137,3.0,3.0
0.05,0.7,0.1189,-0.0115,0.7,0.0,0.0885,0.7,0.0,0.0885,0.7,0.1228,-0.0115,0.6999,-0.0054,0.0889,0.7003,-0.0055,0.0889,0.0054,0.011,0.0155,0.0,0.0,0.0,-0.1005,0.1762,0.0177,-0.112,0.17,-0.1317,-0.3137,-0.0001,-0.0054,-0.0005,-0.0001,0.0002,0.015,0.0143,3.0,3.0
0.05,0.7,0.1149,-0.0115,0.7,0.0047,0.0885,0.7,0.0047,0.0885,0.7,0.1189,-0.0115,0.6999,-0.0008,0.0889,0.7004,-0.0009,0.0888,0.0058,0.0108,0.0151,0.0,0.0,0.0,-0.1006,0.1708,0.0172,-0.1121,0.1702,-0.1168,-0.2994,-0.0001,-0.0058,-0.0006,-0.0001,0.0003,0.0154,0.0148,3.0,3.0
0.05,0.7,0.1105,-0.0115,0.7,0.0093,0.0885,0.7,0.0093,0.0885,0.7,0.1149,-0.0115,0.6998,0.0038,0.0888,0.7004,0.0038,0.0888,0.0062,0.0105,0.0146,0.0,0.0,0.0,-0.1006,0.165,0.0166,-0.1121,0.1705,-0.1013,-0.2846,-0.0001,-0.0061,-0.0006,-0.0001,0.0003,0.0158,0.0152,3.0,3.0
0.05,0.7,0.1059,-0.0115,0.7,0.0139,0.0885,0.7,0.0139,0.0885,0.7,0.1105,-0.0115,0.6998,0.0084,0.0888,0.7004,0.0084,0.0887,0.0065,0.0101,0.0141,0.0,0.0,0.0,-0.1007,0.1589,0.016,-0.1122,0.1707,-0.0856,-0.2695,-0.0001,-0.0065,-0.0006,-0.0001,0.0003,0.016,0.0155,3.0,3.0
0.05,0.7,0.1011,-0.0115,0.7,0.0183,0.0885,0.7,0.0183,0.0885,0.7,0.1059,-0.0115,0.6998,0.0129,0.0887,0.7005,0.0129,0.0887,0.0069,0.0097,0.0135,0.0,0.0,0.0,-0.1008,0.1524,0.0153,-0.1123,0.171,-0.0695,-0.254,-0.0001,-0.0069,-0.0007,-0.0001,0.0003,0.0162,0.0157,3.0,3.0
0.05,0.7,0.096,-0.0115,0.7,0.0225,0.0885,0.7,0.0225,0.0885,0.7,0.1011,-0.0115,0.6998,0.0173,0.0887,0.7005,0.0173,0.0887,0.0073,0.0093,0.0129,0.0,0.0,0.0,-0.1008,0.1455,0.0147,-0.1123,0.1713,-0.0533,-0.2383,-0.0001,-0.0072,-0.0007,-0.0001,0.0003,0.0163,0.0159,3.0,3.0
0.05,0.7,0.0907,-0.0115,0.7,0.0265,0.0885,0.7,0.0265,0.0885,0.7,0.096,-0.0115,0.6998,0.0215,0.0887,0.7005,0.0214,0.0886,0.0076,0.0088,0.0122,0.0,0.0,0.0,-0.1009,0.1383,0.014,-0.1124,0.1716,-0.037,-0.2224,-0.0001,-0.0076,-0.0008,-0.0001,0.0003,0.0163,0.0159,3.0,3.0
0.05,0.7,0.0852,-0.0115,0.7,0.0302,0.0885,0.7,0.0302,0.0885,0.7,0.0907,-0.0115,0.6997,0.0255,0.0886,0.7005,0.0254,0.0886,0.0079,0.0083,0.0115,0.0,0.0,0.0,-0.1009,0.1308,0.0132,-0.1124,0.1719,-0.0207,-0.2065,-0.0001,-0.0079,-0.0008,-0.0001,0.0003,0.0162,0.0159,3.0,3.0
0.05,0.7,0.0794,-0.0115,0.7,0.0337,0.0885,0.7,0.0337,0.0885,0.7,0.0852,-0.0115,0.6997,0.0292,0.0886,0.7005,0.0291,0.0886,0.0082,0.0078,0.0108,0.0,0.0,0.0,-0.101,0.1229,0.0124,-0.1125,0.1722,-0.0044,-0.1906,-0.0001,-0.0082,-0.0008,-0.0001,0.0003,0.0161,0.0158,3.0,3.0
0.05,0.7,0.0735,-0.0115,0.7,0.0368,0.0885,0.7,0.0368,0.0885,0.7,0.0794,-0.0115,0.6997,0.0327,0.0886,0.7006,0.0326,0.0886,0.0085,0.0073,0.01,0.0,0.0,0.0,-0.101,0.1147,0.0116,-0.1125,0.1725,0.0116,-0.1748,-0.0001,-0.0085,-0.0008,-0.0001,0.0003,0.0158,0.0156,3.0,3.0
0.05,0.7,0.0674,-0.0115,0.7,0.0396,0.0885,0.7,0.0396,0.0885,0.7,0.0735,-0.0115,0.6997,0.0358,0.0886,0.7006,0.0357,0.0886,0.0088,0.0069,0.0092,0.0,0.0,0.0,-0.1011,0.1062,0.0108,-0.1126,0.1728,0.0275,-0.1592,-0.0,-0.0087,-0.0009,-0.0,0.0003,0.0156,0.0154,3.0,3.0
0.05,0.7,0.0612,-0.0115,0.7,0.0421,0.0885,0.7,0.0421,0.0885,0.7,0.0674,-0.0115,0.6996,0.0386,0.0886,0.7006,0.0385,0.0886,0.009,0.0064,0.0084,0.0,0.0,0.0,-0.1011,0.0975,0.0099,-0.1126,0.1731,0.043,-0.1438,-0.0,-0.009,-0.0009,-0.0,0.0003,0.0152,0.0151,3.0,3.0
0.05,0.7,0.0548,-0.0115,0.7,0.0442,0.0885,0.7,0.0442,0.0885,0.7,0.0612,-0.0115,0.6996,0.041,0.0886,0.7006,0.0409,0.0886,0.0093,0.006,0.0075,0.0,0.0,0.0,-0.1012,0.0885,0.009,-0.1127,0.1734,0.0583,-0.1287,-0.0,-0.0092,-0.0009,-0.0,0.0003,0.0149,0.0148,3.0,3.0
0.05,0.7,0.0482,-0.0115,0.7,0.0459,0.0885,0.7,0.0459,0.0885,0.7,0.0548,-0.0115,0.6996,0.0431,0.0887,0.7006,0.043,0.0886,0.0095,0.0058,0.0067,0.0,0.0,0.0,-0.1012,0.0793,0.008,-0.1127,0.1736,0.0731,-0.1139,-0.0,-0.0094,-0.001,-0.0,0.0002,0.0145,0.0144,3.0,3.0
0.05,0.7,0.0416,-0.0115,0.7,0.0473,0.0885,0.7,0.0473,0.0885,0.7,0.0482,-0.0115,0.6996,0.0448,0.0887,0.7006,0.0447,0.0886,0.0097,0.0056,0.0059,0.0,0.0,0.0,-0.1013,0.0698,0.0071,-0.1128,0.1738,0.0876,-0.0995,-0.0,-0.0096,-0.001,-0.0,0.0002,0.0141,0.0141,3.0,3.0
0.05,0.7,0.0348,-0.0115,0.7,0.0484,0.0885,0.7,0.0484,0.0885,0.7,0.0416,-0.0115,0.6996,0.0462,0.0887,0.7006,0.0461,0.0887,0.0098,0.0056,0.0052,0.0,0.0,0.0,-0.1013,0.0602,0.0061,-0.1128,0.1741,0.1017,-0.0854,-0.0,-0.0098,-0.001,-0.0,0.0002,0.0137,0.0137,3.0,3.0
0.05,0.7,0.0279,-0.0115,0.7,0.0491,0.0885,0.7,0.0491,0.0885,0.7,0.0348,-0.0115,0.6995,0.0473,0.0887,0.7006,0.0472,0.0887,0.01,0.0057,0.0044,0.0,0.0,0.0,-0.1013,0.0504,0.0051,-0.1128,0.1742,0.1153,-0.0717,-0.0,-0.0099,-0.001,-0.0,0.0002,0.0133,0.0133,3.0,3.0
0.05,0.7,0.021,-0.0115,0.7,0.0496,0.0885,0.7,0.0496,0.0885,0.7,0.0279,-0.0115,0.6995,0.048,0.0888,0.7006,0.0479,0.0887,0.0101,0.0058,0.0038,0.0,0.0,0.0,-0.1013,0.0405,0.0041,-0.1128,0.1744,0.1286,-0.0584,-0.0,-0.01,-0.001,-0.0,0.0001,0.0129,0.013,3.0,3.0
0.05,0.7,0.014,-0.0115,0.7,0.0499,0.0885,0.7,0.0499,0.0885,0.7,0.021,-0.0115,0.6995,0.0485,0.0888,0.7006,0.0484,0.0887,0.0102,0.0061,0.0032,0.0,0.0,0.0,-0.1014,0.0305,0.0031,-0.1129,0.1745,0.1415,-0.0453,-0.0,-0.0101,-0.001,-0.0,0.0001,0.0126,0.0128,3.0,3.0
0.05,0.7,0.007,-0.0115,0.7,0.05,0.0885,0.7,0.05,0.0885,0.7,0.014,-0.0115,0.6995,0.0488,0.0888,0.7006,0.0486,0.0888,0.0102,0.0065,0.0,0.0,0.0,0.0,-0.1014,0.0204,0.0021,-0.1129,0.1746,0.1542,-0.0326,-0.0,-0.0102,-0.001,-0.0,0.0003,0.0124,0.0102,3.0,3.0
0.05,0.7,0.0,-0.0115,0.7,0.05,0.0885,0.7,0.05,0.0885,0.7,0.007,-0.0115,0.6995,0.0489,0.089,0.7006,0.0474,0.0889,0.0102,0.0069,0.0047,0.0,0.0,0.0,-0.1014,0.0102,0.001,-0.1129,0.1749,0.1666,-0.0223,-0.0,-0.0102,-0.001,-0.0,-0.0002,0.0123,0.0148,3.0,3.0
0.05,0.7,-0.007,-0.0115,0.7,0.05,0.0885,0.7,0.05,0.0885,0.7,0.0,-0.0115,0.6995,0.0489,0.0889,0.7006,0.0487,0.0888,0.0102,0.0073,0.0,0.0,0.0,0.0,-0.1014,-0.0,-0.0,-0.1129,0.1747,0.1789,-0.0075,0.0,-0.0102,-0.001,0.0,0.0003,0.0122,0.0103,3.0,3.0
0.05,0.7,-0.014,-0.0115,0.7,0.05,0.0886,0.7,0.05,0.0886,0.7,-0.007,-0.0115,0.6994,0.0489,0.0891,0.7005,0.0475,0.089,0.0102,0.0077,0.0045,0.0,0.0,0.0,-0.1014,-0.0102,-0.001,-0.1129,0.175,0.1911,0.0027,0.0,-0.0102,-0.001,0.0,-0.0002,0.0122,0.0147,3.0,3.0
0.05,0.7,-0.021,-0.0115,0.7,0.05,0.0889,0.7,0.05,0.0889,0.7,-0.014,-0.0115,0.6994,0.0489,0.089,0.7005,0.0488,0.089,0.0102,0.0082,0.0,0.0,0.0,0.0,-0.1014,-0.0204,-0.0021,-0.1129,0.1749,0.2033,0.0174,0.0,-0.0101,-0.001,0.0,0.0005,0.0121,0.0102,3.0,3.0
0.05,0.7,-0.0279,-0.0115,0.7,0.05,0.0893,0.7,0.05,0.0893,0.7,-0.021,-0.0115,0.6994,0.049,0.0894,0.7005,0.0475,0.0894,0.0101,0.0085,0.0046,0.0,0.0,0.0,-0.1014,-0.0305,-0.0031,-0.1129,0.1754,0.2154,0.0275,0.0,-0.01,-0.001,0.0,0.0006,0.012,0.0146,3.0,3.0
0.05,0.7,-0.0348,-0.0115,0.7,0.05,0.0901,0.7,0.05,0.0901,0.7,-0.0279,-0.0115,0.6994,0.049,0.0898,0.7005,0.0488,0.0898,0.01,0.0088,0.0,0.0,0.0,0.0,-0.1013,-0.0405,-0.0041,-0.1128,0.176,0.2274,0.0421,0.0,-0.0099,-0.001,0.0,0.0009,0.0119,0.01,3.0,3.0
0.05,0.7,-0.0416,-0.0115,0.7,0.05,0.0912,0.7,0.05,0.0912,0.7,-0.0348,-0.0115,0.6994,0.049,0.0905,0.7005,0.0475,0.0904,0.0098,0.0091,0.005,0.0,0.0,0.0,-0.1013,-0.0504,-0.0051,-0.1128,0.177,0.2393,0.0521,0.0,-0.0098,-0.001,0.0,0.002,0.0117,0.0143,3.0,3.0
0.05,0.7,-0.0482,-0.0115,0.7,0.05,0.0925,0.7,0.05,0.0925,0.7,-0.0416,-0.0115,0.6994,0.049,0.0917,0.7005,0.0488,0.0916,0.0097,0.009,0.0036,0.0,0.0,0.0,-0.1013,-0.0602,-0.0061,-0.1128,0.1789,0.2509,0.0664,0.0,-0.0096,-0.001,0.0,0.0023,0.0115,0.0119,3.0,3.0
0.05,0.7,-0.0548,-0.0115,0.7,0.05,0.0943,0.7,0.05,0.0943,0.7,-0.0482,-0.0115,0.6994,0.049,0.093,0.7004,0.0488,0.093,0.0095,0.0089,0.004,0.0,0.0,0.0,-0.1013,-0.0698,-0.0071,-0.1128,0.1812,0.2624,0.0782,0.0,-0.0094,-0.001,0.0,0.0029,0.0112,0.0117,3.0,3.0
0.05,0.7,-0.0612,-0.0115,0.7,0.05,0.0964,0.7,0.05,0.0964,0.7,-0.0548,-0.0115,0.6994,0.049,0.0948,0.7004,0.0489,0.0947,0.0093,0.0086,0.0045,0.0,0.0,0.0,-0.1012,-0.0793,-0.008,-0.1127,0.184,0.2736,0.0899,0.0,-0.0092,-0.0009,0.0,0.0035,0.011,0.0114,3.0,3.0
0.05,0.7,-0.0674,-0.0115,0.7,0.05,0.0988,0.7,0.05,0.0988,0.7,-0.0612,-0.0115,0.6994,0.049,0.0968,0.7004,0.0489,0.0968,0.009,0.0082,0.0049,0.0,0.0,0.0,-0.1012,-0.0885,-0.009,-0.1127,0.1875,0.2846,0.1013,0.0,-0.009,-0.0009,0.0,0.0041,0.0107,0.0111,3.0,3.0
0.05,0.7,-0.0735,-0.0115,0.7,0.05,0.1017,0.7,0.05,0.1017,0.7,-0.0674,-0.0115,0.6994,0.049,0.0992,0.7004,0.0489,0.0992,0.0088,0.0077,0.0054,0.0,0.0,0.0,-0.1011,-0.0975,-0.0099,-0.1126,0.1915,0.2952,0.1124,0.0,-0.0087,-0.0009,0.0,0.0047,0.0104,0.0108,3.0,3.0
0.05,0.7,-0.0794,-0.0115,0.7,0.05,0.1048,0.7,0.05,0.1048,0.7,-0.0735,-0.0115,0.6994,0.049,0.102,0.7004,0.0489,0.102,0.0085,0.0072,0.0058,0.0,0.0,0.0,-0.1011,-0.1062,-0.0108,-0.1126,0.1962,0.3056,0.1233,0.0001,-0.0085,-0.0008,0.0001,0.0053,0.01,0.0105,3.0,3.0
0.05,0.7,-0.0852,-0.0115,0.7,0.05,0.1083,0.7,0.05,0.1083,0.7,-0.0794,-0.0115,0.6994,0.049,0.105,0.7003,0.0489,0.105,0.0082,0.0067,0.0063,0.0,0.0,0.0,-0.101,-0.1147,-0.0116,-0.1125,0.2015,0.3156,0.1338,0.0001,-0.0082,-0.0008,0.0001,0.0058,0.0097,0.0102,3.0,3.0
0.05,0.7,-0.0907,-0.0115,0.7,0.05,0.112,0.7,0.05,0.112,0.7,-0.0852,-0.0115,0.6994,0.0491,0.1084,0.7003,0.049,0.1084,0.0079,0.0066,0.0068,0.0,0.0,0.0,-0.101,-0.1229,-0.0124,-0.1125,0.2073,0.3253,0.144,0.0001,-0.0079,-0.0008,0.0001,0.0063,0.0093,0.0098,3.0,3.0
0.05,0.7,-0.096,-0.0115,0.7,0.05,0.116,0.7,0.05,0.116,0.7,-0.0907,-0.0115,0.6995,0.0491,0.112,0.7003,0.049,0.112,0.0076,0.007,0.0074,0.0,0.0,0.0,-0.1009,-0.1308,-0.0132,-0.1124,0.2136,0.3346,0.1538,0.0001,-0.0076,-0.0008,0.0001,0.0068,0.0089,0.0094,3.0,3.0
0.05,0.7,-0.1011,-0.0115,0.7,0.05,0.1202,0.7,0.05,0.1202,0.7,-0.096,-0.0115,0.6995,0.0491,0.1159,0.7003,0.049,0.1159,0.0073,0.008,0.0081,0.0,0.0,0.0,-0.1009,-0.1383,-0.014,-0.1124,0.2203,0.3435,0.1632,0.0001,-0.0072,-0.0007,0.0001,0.0071,0.0085,0.009,3.0,3.0
0.05,0.7,-0.1059,-0.0115,0.7,0.05,0.1246,0.7,0.05,0.1246,0.7,-0.1011,-0.0115,0.6995,0.0492,0.1199,0.7003,0.0491,0.1199,0.0069,0.0097,0.009,0.0,0.0,0.0,-0.1008,-0.1455,-0.0147,-0.1123,0.2275,0.352,0.1722,0.0001,-0.0069,-0.0007,0.0001,0.0075,0.0081,0.0086,3.0,3.0
0.05,0.7,-0.1105,-0.0115,0.7,0.05,0.1292,0.7,0.05,0.1292,0.7,-0.1059,-0.0115,0.6995,0.0493,0.1241,0.7002,0.0492,0.1242,0.0065,0.0119,0.0101,0.0,0.0,0.0,-0.1008,-0.1524,-0.0153,-0.1123,0.2349,0.3602,0.1808,0.0001,-0.0065,-0.0006,0.0001,0.0077,0.0077,0.0082,3.0,3.0
0.05,0.7,-0.1149,-0.0115,0.7,0.05,0.1338,0.7,0.05,0.1338,0.7,-0.1105,-0.0115,0.6995,0.0494,0.1285,0.7002,0.0492,0.1285,0.0062,0.0144,0.0113,0.0,0.0,0.0,-0.1007,-0.1589,-0.016,-0.1122,0.2426,0.3679,0.189,0.0001,-0.0061,-0.0006,0.0001,0.0079,0.0073,0.0077,3.0,3.0
0.05,0.7,-0.1189,-0.0115,0.7,0.05,0.1385,0.7,0.05,0.1385,0.7,-0.1149,-0.0115,0.6995,0.0496,0.1329,0.7002,0.0493,0.1329,0.0058,0.0172,0.0127,0.0,0.0,0.0,-0.1006,-0.1651,-0.0166,-0.1121,0.2505,0.3752,0.1967,0.0001,-0.0058,-0.0006,0.0001,0.008,0.0069,0.0073,3.0,3.0
0.05,0.7,-0.1228,-0.0115,0.7,0.05,0.1432,0.7,0.05,0.1432,0.7,-0.1189,-0.0115,0.6995,0.0498,0.1373,0.7002,0.0495,0.1374,0.0054,0.0202,0.0142,0.0,0.0,0.0,-0.1006,-0.1708,-0.0172,-0.1121,0.2585,0.3821,0.204,0.0001,-0.0054,-0.0005,0.0001,0.008,0.0065,0.0068,3.0,3.0
0.05,0.7,-0.1263,-0.0115,0.7,0.05,0.1478,0.7,0.05,0.1478,0.7,-0.1228,-0.0115,0.6995,0.05,0.1418,0.7002,0.0496,0.1418,0.005,0.0234,0.0159,0.0,0.0,0.0,-0.1005,-0.1762,-0.0177,-0.112,0.2665,0.3886,0.2109,0.0,-0.005,-0.0005,0.0001,0.0079,0.0061,0.0064,3.0,3.0
0.05,0.7,-0.1296,-0.0115,0.7,0.05,0.1523,0.7,0.05,0.1523,0.7,-0.1263,-0.0115,0.6996,0.0503,0.1462,0.7002,0.0498,0.1462,0.0046,0.0266,0.0176,0.0,0.0,0.0,-0.1005,-0.1812,-0.0182,-0.112,0.2744,0.3947,0.2172,0.0,-0.0046,-0.0004,0.0,0.0078,0.0056,0.0059,3.0,3.0
0.05,0.7,-0.1326,-0.0115,0.7,0.05,0.1567,0.7,0.05,0.1567,0.7,-0.1296,-0.0115,0.6996,0.0506,0.1505,0.7002,0.05,0.1505,0.0042,0.0298,0.0194,0.0,0.0,0.0,-0.1005,-0.1858,-0.0186,-0.1119,0.2822,0.4003,0.2232,0.0,-0.0042,-0.0004,0.0,0.0075,0.0052,0.0055,3.0,3.0
0.05,0.7,-0.1354,-0.0115,0.7,0.05,0.161,0.7,0.05,0.161,0.7,-0.1326,-0.0115,0.6996,0.0509,0.1546,0.7003,0.0502,0.1547,0.0039,0.033,0.0212,0.0,0.0,0.0,-0.1004,-0.19,-0.019,-0.1119,0.2897,0.4055,0.2286,0.0,-0.0038,-0.0004,0.0,0.0072,0.0048,0.005,3.0,3.0
0.05,0.7,-0.1378,-0.0115,0.7,0.05,0.165,0.7,0.05,0.165,0.7,-0.1354,-0.0115,0.6996,0.0512,0.1586,0.7003,0.0504,0.1587,0.0035,0.0361,0.023,0.0,0.0,0.0,-0.1004,-0.1938,-0.0194,-0.1118,0.2969,0.4103,0.2336,0.0,-0.0035,-0.0003,0.0,0.0069,0.0043,0.0045,3.0,3.0
0.05,0.7,-0.1401,-0.0115,0.7,0.05,0.1687,0.7,0.05,0.1687,0.7,-0.1378,-0.0115,0.6996,0.0515,0.1624,0.7003,0.0506,0.1624,0.0031,0.0391,0.0248,0.0,0.0,0.0,-0.1003,-0.1973,-0.0197,-0.1118,0.3038,0.4146,0.2382,0.0,-0.0031,-0.0003,0.0,0.0064,0.0039,0.0041,3.0,3.0
0.05,0.7,-0.142,-0.0115,0.7,0.05,0.1722,0.7,0.05,0.1722,0.7,-0.1401,-0.0115,0.6995,0.0519,0.1659,0.7003,0.0509,0.166,0.0,0.042,0.0264,0.0,0.0,0.0,-0.1003,-0.2004,-0.02,-0.1118,0.3102,0.4185,0.2422,0.0,-0.0,-0.0,0.0,0.006,0.0007,0.0009,3.0,3.0
0.05,0.7,-0.1437,-0.0115,0.7,0.05,0.1753,0.7,0.05,0.1753,0.7004,-0.1401,-0.0116,0.6998,0.0525,0.1691,0.7003,0.0514,0.1692,0.0051,0.0443,0.0277,0.0,0.0,0.0,-0.1003,-0.2004,-0.02,-0.1118,0.3162,0.4192,0.2431,0.0001,-0.0051,-0.0005,0.0001,0.0054,0.0054,0.0053,3.0,3.0
0.05,0.7,-0.1452,-0.0115,0.7,0.05,0.1781,0.7,0.05,0.1781,0.7,-0.1437,-0.0115,0.6993,0.0523,0.1721,0.7004,0.0509,0.1722,0.0,0.047,0.0294,0.0,0.0,0.0,-0.1002,-0.2055,-0.0205,-0.1117,0.3215,0.4246,0.2484,-0.0,-0.0,0.0,-0.0,0.0048,0.001,0.0014,3.0,3.0
0.05,0.7,-0.1464,-0.0115,0.7,0.05,0.1806,0.7,0.05,0.1806,0.7003,-0.1438,-0.0116,0.6997,0.0531,0.1747,0.7003,0.0518,0.1748,0.0038,0.049,0.0305,0.0,0.0,0.0,-0.1002,-0.2055,-0.0205,-0.1117,0.3263,0.4256,0.2498,0.0,-0.0037,-0.0004,0.0,0.0042,0.004,0.0039,3.0,3.0
0.05,0.7,-0.1474,-0.0115,0.7,0.05,0.1827,0.7,0.05,0.1827,0.7,-0.1464,-0.0115,0.6994,0.053,0.177,0.7004,0.0515,0.1771,0.0,0.0511,0.0319,0.0,0.0,0.0,-0.1002,-0.2092,-0.0209,-0.1117,0.3305,0.4296,0.2537,0.0,0.0,-0.0,0.0,0.0036,0.0008,0.001,3.0,3.0
0.05,0.7,-0.1482,-0.0115,0.7,0.05,0.1844,0.7,0.05,0.1844,0.7002,-0.1465,-0.0116,0.6996,0.0536,0.179,0.7004,0.0521,0.1791,0.0,0.0526,0.0327,0.0,0.0,0.0,-0.1002,-0.2092,-0.0209,-0.1117,0.3341,0.4304,0.2547,0.0,0.0,-0.0,0.0,0.003,0.0002,0.0001,3.0,3.0
0.05,0.7,-0.1489,-0.0115,0.7,0.05,0.1858,0.7,0.05,0.1858,0.7004,-0.1465,-0.0116,0.6996,0.0538,0.1806,0.7004,0.0522,0.1807,0.0034,0.0538,0.0333,0.0,0.0,0.0,-0.1002,-0.2092,-0.0209,-0.1117,0.3371,0.4306,0.2548,0.0,-0.0034,-0.0003,0.0,0.0024,0.0036,0.0035,3.0,3.0
0.05,0.7,-0.1493,-0.0115,0.7,0.05,0.1869,0.7,0.05,0.1869,0.7,-0.1489,-0.0115,0.6993,0.0536,0.1819,0.7005,0.0519,0.1821,0.0,0.0552,0.0342,0.0,0.0,0.0,-0.1002,-0.2126,-0.0212,-0.1116,0.3395,0.4342,0.2583,0.0,-0.0,-0.0,0.0,0.0018,0.0006,0.0009,3.0,3.0
0.05,0.7,-0.1497,-0.0115,0.7,0.05,0.1876,0.7,0.05,0.1876,0.7001,-0.1489,-0.0115,0.6996,0.0541,0.1828,0.7004,0.0524,0.183,0.0,0.0559,0.0347,0.0,0.0,0.0,-0.1002,-0.2126,-0.0212,-0.1116,0.3413,0.4348,0.2592,0.0,0.0,-0.0,0.0,0.0013,0.0001,0.0,3.0,3.0
0.05,0.7,-0.1499,-0.0115,0.7,0.05,0.1881,0.7,0.05,0.1881,0.7002,-0.1489,-0.0115,0.6996,0.0542,0.1835,0.7004,0.0524,0.1837,0.0,0.0564,0.0349,0.0,0.0,0.0,-0.1002,-0.2126,-0.0212,-0.1116,0.3426,0.4349,0.2592,0.0,0.0,-0.0,0.0,0.0008,0.0001,0.0,3.0,3.0
0.05,0.7,-0.15,-0.0115,0.7,0.05,0.1884,0.7,0.05,0.1884,0.7002,-0.1489,-0.0116,0.6996,0.0543,0.184,0.7004,0.0525,0.1842,0.0,0.0567,0.035,0.0,0.0,0.0,-0.1002,-0.2126,-0.0212,-0.1116,0.3434,0.435,0.2593,0.0,-0.0,-0.0,0.0,0.0005,0.0,0.0,3.0,3.0
0.05,0.7,-0.15,-0.0115,0.7,0.05,0.1885,0.7,0.05,0.1885,0.7002,-0.1489,-0.0116,0.6996,0.0543,0.1842,0.7004,0.0525,0.1844,0.0,0.0569,0.0351,0.0,0.0,0.0,-0.1002,-0.2126,-0.0212,-0.1116,0.3438,0.435,0.2593,0.0,0.0,-0.0,0.0,0.0002,0.0,0.0,3.0,3.0
0.05,0.7,-0.15,-0.0115,0.7,0.05,0.1885,0.7,0.05,0.1885,0.7002,-0.1489,-0.0116,0.6996,0.0543,0.1843,0.7004,0.0525,0.1845,0.0,0.0569,0.0351,0.0,0.0,0.0,-0.1002,-0.2126,-0.0212,-0.1116,0.344,0.435,0.2593,0.0,0.0,-0.0,0.0,0.0,0.0,0.0,3.0,3.0
0.05,0.7,-0.15,-0.0115,0.7,0.05,0.1885,0.7,0.05,0.1885,0.7002,-0.1489,-0.0116,0.6996,0.0543,0.1843,0.7004,0.0525,0.1845,0.0,0.057,0.0351,0.0,0.0,0.0,-0.1002,-0.2126,-0.0212,-0.1116,0.344,0.435,0.2593,0.0,-0.0,-0.0,0.0,-0.0,0.0,0.0,3.0,3.0
0.05,0.7,-0.15,-0.0115,0.7,0.05,0.1885,0.7,0.05,0.1885,0.7002,-0.1489,-0.0116,0.6996,0.0543,0.1843,0.7004,0.0525,0.1845,0.0,0.057,0.0351,0.0,0.0,0.0,-0.1002,-0.2126,-0.0212,-0.1116,0.344,0.435,0.2593,0.0,-0.0,-0.0,0.0,-0.0,-0.0,-0.0,3.0,3.0
0.05,0.7,-0.15,-0.0114,0.7,0.05,0.1885,0.7,0.05,0.1885,0.7002,-0.1489,-0.0116,0.6996,0.0543,0.1843,0.7004,0.0525,0.1845,0.0,0.057,0.0351,0.0,0.0,0.0,-0.1002,-0.2126,-0.0212,-0.1116,0.344,0.435,0.2593,0.0,0.0,-0.0,0.0,0.0,-0.0,-0.0,3.0,3.0
0.05,0.7,-0.15,-0.0112,0.7,0.05,0.1885,0.7,0.05,0.1885,0.7002,-0.1489,-0.0116,0.6996,0.0543,0.1843,0.7004,0.0525,0.1845,0.0,0.057,0.0351,0.0,0.0,0.0,-0.1002,-0.2126,-0.0212,-0.1116,0.344,0.435,0.2593,0.0,0.0,-0.0,0.0,0.0,0.0,0.0,3.0,3.0
0.05,0.7,-0.15,-0.0108,0.7,0.05,0.1885,0.7,0.05,0.1885,0.7002,-0.1489,-0.0115,0.6996,0.0543,0.1843,0.7004,0.0525,0.1845,0.0,0.057,0.0351,0.0,0.0,0.0,-0.1002,-0.2126,-0.0212,-0.1116,0.344,0.435,0.2593,0.0,0.0,-0.0,0.0,-0.0,0.0,0.0,3.0,3.0
0.05,0.7,-0.15,-0.0104,0.7,0.05,0.1885,0.7,0.05,0.1885,0.7001,-0.1489,-0.0115,0.6996,0.0543,0.1843,0.7004,0.0525,0.1845,0.0,0.057,0.0351,0.0,0.0,0.0,-0.1002,-0.2126,-0.0212,-0.1116,0.344,0.435,0.2593,0.0,0.0,-0.0,0.0,-0.0,-0.0,-0.0,3.0,3.0
0.05,0.7,-0.15,-0.0098,0.7,0.05,0.1885,0.7,0.05,0.1885,0.7,-0.1489,-0.0115,0.6996,0.0543,0.1843,0.7004,0.0525,0.1845,0.0029,0.057,0.0351,0.0,0.0,0.0,-0.1002,-0.2126,-0.0212,-0.1116,0.344,0.435,0.2593,0.0012,-0.0016,0.0001,0.0013,-0.0024,0.0016,0.0016,3.0,3.0
0.05,0.7,-0.15,-0.0089,0.7,0.05,0.1885,0.7,0.05,0.1885,0.6998,-0.15,-0.0097,0.6993,0.0542,0.1846,0.7004,0.0523,0.1848,0.0,0.0571,0.0352,0.0,0.0,0.0,-0.099,-0.2142,-0.0211,-0.1104,0.3416,0.4366,0.2609,-0.0,-0.0,-0.0,-0.0,-0.0006,0.0002,0.0004,3.0,3.0
0.05,0.7,-0.15,-0.0079,0.7,0.05,0.1885,0.7,0.05,0.1885,0.6998,-0.15,-0.0097,0.6996,0.0543,0.1843,0.7004,0.0525,0.1845,0.0,0.0569,0.0352,0.0,0.0,0.0,-0.099,-0.2142,-0.0211,-0.1104,0.341,0.4368,0.2613,-0.0,0.0,0.0,-0.0,-0.0,-0.0,-0.0,3.0,3.0
0.05,0.7,-0.15,-0.0067,0.7,0.05,0.1885,0.7,0.05,0.1885,0.6996,-0.15,-0.0097,0.6996,0.0543,0.1843,0.7004,0.0525,0.1845,0.0042,0.0569,0.0352,0.0,0.0,0.0,-0.099,-0.2142,-0.0211,-0.1104,0.341,0.4368,0.2613,0.0021,0.0,0.0004,0.0022,-0.0042,-0.0001,-0.0001,3.0,3.0
0.05,0.7,-0.15,-0.0052,0.7,0.05,0.1885,0.7,0.05,0.1885,0.6997,-0.15,-0.0067,0.6994,0.0543,0.1849,0.7002,0.0525,0.185,0.0,0.0568,0.035,0.0,0.0,0.0,-0.0969,-0.2142,-0.0207,-0.1082,0.3368,0.4368,0.2612,-0.0,0.0,0.0,-0.0,-0.001,-0.0001,-0.0,3.0,3.0
0.05,0.7,-0.15,-0.0035,0.7,0.05,0.1885,0.7,0.05,0.1885,0.6997,-0.15,-0.0067,0.6996,0.0543,0.1844,0.7004,0.0525,0.1845,0.0044,0.0565,0.035,0.0,0.0,0.0,-0.0969,-0.2142,-0.0207,-0.1082,0.3358,0.4367,0.2612,0.0021,0.0,0.0005,0.0023,-0.0044,-0.0001,-0.0001,3.0,3.0
0.05,0.7,-0.15,-0.0016,0.7,0.05,0.1885,0.7,0.05,0.1885,0.6997,-0.15,-0.0035,0.6994,0.0542,0.1849,0.7002,0.0524,0.1851,0.0,0.0564,0.0348,0.0,0.0,0.0,-0.0948,-0.2142,-0.0202,-0.1059,0.3315,0.4366,0.2611,-0.0,0.0,0.0,-0.0,-0.001,-0.0001,-0.0,3.0,3.0
0.05,0.7,-0.15,0.0006,0.7,0.05,0.1885,0.7,0.05,0.1885,0.6996,-0.15,-0.0035,0.6996,0.0542,0.1844,0.7004,0.0524,0.1846,0.0057,0.0561,0.0347,0.0,0.0,0.0,-0.0948,-0.2142,-0.0202,-0.1059,0.3305,0.4365,0.2611,0.0028,0.0,0.0006,0.003,-0.0057,-0.0001,-0.0001,3.0,3.0
0.05,0.7,-0.15,0.0031,0.7,0.05,0.1885,0.7,0.05,0.1885,0.6996,-0.15,0.0007,0.6993,0.0542,0.1851,0.7002,0.0524,0.1853,0.0034,0.0559,0.0344,0.0,0.0,0.0,-0.092,-0.2141,-0.0196,-0.1029,0.3247,0.4364,0.261,0.0017,0.0001,0.0004,0.0018,-0.0048,-0.0002,-0.0001,3.0,3.0
0.05,0.7,-0.15,0.0059,0.7,0.05,0.1885,0.7,0.05,0.1885,0.6998,-0.15,0.0031,0.6994,0.0541,0.1849,0.7002,0.0524,0.185,0.0038,0.0554,0.0341,0.0,0.0,0.0,-0.0903,-0.214,-0.0192,-0.1011,0.3199,0.4362,0.2609,0.0019,0.0,0.0004,0.002,-0.0046,-0.0002,-0.0001,3.0,3.0
0.05,0.7,-0.15,0.0089,0.7,0.05,0.1885,0.7,0.05,0.1885,0.6997,-0.15,0.0059,0.6994,0.054,0.185,0.7002,0.0523,0.1851,0.0042,0.055,0.0339,0.0,0.0,0.0,-0.0884,-0.214,-0.0188,-0.0991,0.3153,0.436,0.2608,0.002,0.0,0.0004,0.0022,-0.0051,-0.0002,-0.0001,3.0,3.0
0.05,0.7,-0.15,0.0122,0.7,0.05,0.1885,0.7,0.05,0.1885,0.6997,-0.15,0.0089,0.6994,0.054,0.185,0.7002,0.0523,0.1852,0.0046,0.0546,0.0336,0.0,0.0,0.0,-0.0864,-0.214,-0.0184,-0.0969,0.3103,0.4358,0.2607,0.0022,0.0,0.0005,0.0024,-0.0055,-0.0002,-0.0001,3.0,3.0
0.05,0.7,-0.15,0.0157,0.7,0.05,0.1885,0.7,0.05,0.1885,0.6997,-0.15,0.0122,0.6994,0.0539,0.1851,0.7002,0.0523,0.1853,0.0049,0.0541,0.0334,0.0,0.0,0.0,-0.0842,-0.2139,-0.0179,-0.0945,0.3047,0.4356,0.2605,0.0024,0.0001,0.0005,0.0026,-0.006,-0.0002,-0.0001,3.0,3.0
0.05,0.7,-0.15,0.0195,0.7,0.05,0.1885,0.7,0.05,0.1885,0.6997,-0.15,0.0157,0.6994,0.0539,0.1852,0.7001,0.0522,0.1854,0.0053,0.0537,0.0331,0.0,0.0,0.0,-0.0818,-0.2139,-0.0174,-0.092,0.2987,0.4354,0.2604,0.0026,0.0001,0.0006,0.0028,-0.0065,-0.0002,-0.0001,3.0,3.0
0.05,0.7,-0.15,0.0236,0.7,0.05,0.1885,0.7,0.05,0.1885,0.6996,-0.15,0.0196,0.6994,0.0538,0.1853,0.7001,0.0522,0.1854,0.0057,0.0531,0.0327,0.0,0.0,0.0,-0.0792,-0.2138,-0.0168,-0.0892,0.2923,0.4352,0.2603,0.0028,0.0001,0.0006,0.003,-0.0069,-0.0002,-0.0001,3.0,3.0
0.05,0.7,-0.15,0.028,0.7,0.05,0.1885,0.7,0.05,0.1885,0.6996,-0.15,0.0237,0.6994,0.0537,0.1854,0.7001,0.0522,0.1855,0.006,0.0526,0.0324,0.0,0.0,0.0,-0.0764,-0.2137,-0.0162,-0.0862,0.2853,0.435,0.2601,0.003,0.0001,0.0006,0.0032,-0.0074,-0.0003,-0.0002,3.0,3.0
0.05,0.7,-0.15,0.0326,0.7,0.05,0.1885,0.7,0.05,0.1885,0.6996,-0.15,0.028,0.6993,0.0536,0.1855,0.7001,0.0521,0.1856,0.0064,0.052,0.032,0.0,0.0,0.0,-0.0734,-0.2137,-0.0156,-0.083,0.278,0.4347,0.26,0.0031,0.0001,0.0007,0.0033,-0.0078,-0.0003,-0.0002,3.0,3.0
0.05,0.7,-0.15,0.0374,0.7,0.05,0.1885,0.7,0.05,0.1885,0.6996,-0.15,0.0326,0.6993,0.0536,0.1856,0.7,0.0521,0.1857,0.0068,0.0514,0.0316,0.0,0.0,0.0,-0.0703,-0.2136,-0.0149,-0.0797,0.2702,0.4344,0.2598,0.0033,0.0001,0.0007,0.0035,-0.0082,-0.0003,-0.0002,3.0,3.0
0.05,0.7,-0.15,0.0425,0.7,0.05,0.1885,0.7,0.05,0.1885,0.6995,-0.15,0.0374,0.6993,0.0535,0.1857,0.7,0.052,0.1858,0.0071,0.0507,0.0312,0.0,0.0,0.0,-0.067,-0.2135,-0.0142,-0.0762,0.2619,0.4342,0.2596,0.0035,0.0001,0.0007,0.0037,-0.0087,-0.0003,-0.0002,3.0,3.0
0.05,0.7,-0.15,0.0478,0.7,0.05,0.1885,0.7,0.05,0.1885,0.6995,-0.15,0.0425,0.6993,0.0534,0.1858,0.7,0.052,0.1859,0.0074,0.05,0.0307,0.0,0.0,0.0,-0.0635,-0.2134,-0.0135,-0.0725,0.2532,0.4338,0.2594,0.0036,0.0001,0.0008,0.0039,-0.0091,-0.0003,-0.0002,3.0,3.0
0.05,0.7,-0.15,0.0533,0.7,0.05,0.1885,0.7,0.05,0.1885,0.6995,-0.15,0.0478,0.6993,0.0533,0.1859,0.6999,0.0519,0.186,0.0077,0.0493,0.0303,0.0,0.0,0.0,-0.0599,-0.2133,-0.0127,-0.0686,0.2442,0.4335,0.2592,0.0038,0.0001,0.0008,0.004,-0.0094,-0.0004,-0.0002,3.0,3.0
0.05,0.7,-0.15,0.059,0.7,0.05,0.1885,0.7,0.05,0.1885,0.6995,-0.15,0.0533,0.6993,0.0532,0.186,0.6999,0.0519,0.1861,0.008,0.0485,0.0298,0.0,0.0,0.0,-0.0561,-0.2132,-0.0119,-0.0645,0.2347,0.4331,0.259,0.0039,0.0001,0.0008,0.0042,-0.0098,-0.0004,-0.0002,3.0,3.0
0.05,0.7,-0.15,0.065,0.7,0.05,0.1885,0.7,0.05,0.1885,0.6995,-0.15,0.0591,0.6993,0.0531,0.1861,0.6999,0.0518,0.1862,0.0083,0.0477,0.0293,0.0,0.0,0.0,-0.0522,-0.2131,-0.0111,-0.0604,0.2249,0.4328,0.2588,0.0041,0.0001,0.0009,0.0043,-0.0101,-0.0004,-0.0002,3.0,3.0
0.05,0.7,-0.15,0.0711,0.7,0.05,0.1885,0.7,0.05,0.1885,0.6994,-0.15,0.065,0.6993,0.053,0.1862,0.6998,0.0517,0.1862,0.0085,0.0469,0.0288,0.0,0.0,0.0,-0.0482,-0.213,-0.0102,-0.056,0.2148,0.4324,0.2585,0.0042,0.0001,0.0009,0.0045,-0.0105,-0.0004,-0.0003,3.0,3.0
0.05,0.7,-0.15,0.0773,0.7,0.05,0.1885,0.7,0.05,0.1885,0.6994,-0.15,0.0711,0.6992,0.0529,0.1862,0.6998,0.0517,0.1863,0.0088,0.046,0.0282,0.0,0.0,0.0,-0.044,-0.2129,-0.0093,-0.0516,0.2043,0.432,0.2583,0.0043,0.0001,0.0009,0.0046,-0.0108,-0.0004,-0.0003,3.0,3.0
0.05,0.7,-0.15,0.0837,0.7,0.05,0.1885,0.7,0.05,0.1885,0.6994,-0.15,0.0773,0.6992,0.0528,0.1863,0.6998,0.0516,0.1864,0.009,0.0451,0.0277,0.0,0.0,0.0,-0.0397,-0.2127,-0.0084,-0.047,0.1936,0.4316,0.258,0.0044,0.0001,0.0009,0.0047,-0.011,-0.0004,-0.0003,3.0,3.0
0.05,0.7,-0.15,0.0903,0.7,0.05,0.1885,0.7,0.05,0.1885,0.6994,-0.15,0.0837,0.6992,0.0527,0.1864,0.6997,0.0516,0.1865,0.0092,0.0442,0.0271,0.0,0.0,0.0,-0.0353,-0.2126,-0.0075,-0.0423,0.1825,0.4311,0.2577,0.0045,0.0001,0.001,0.0048,-0.0113,-0.0005,-0.0003,3.0,3.0
0.05,0.7,-0.15,0.0969,0.7,0.05,0.1885,0.7,0.05,0.1885,0.6994,-0.15,0.0903,0.6992,0.0526,0.1865,0.6997,0.0515,0.1866,0.0094,0.0433,0.0266,0.0,0.0,0.0,-0.0308,-0.2124,-0.0065,-0.0375,0.1713,0.4307,0.2575,0.0046,0.0002,0.001,0.0049,-0.0115,-0.0005,-0.0003,3.0,3.0
0.05,0.7,-0.15,0.1037,0.7,0.05,0.1885,0.7,0.05,0.1885,0.6994,-0.15,0.0969,0.6992,0.0525,0.1866,0.6997,0.0515,0.1867,0.0095,0.0424,0.026,0.0,0.0,0.0,-0.0262,-0.2123,-0.0055,-0.0326,0.1598,0.4302,0.2572,0.0046,0.0002,0.001,0.005,-0.0116,-0.0005,-0.0003,3.0,3.0
0.05,0.7,-0.15,0.1106,0.7,0.05,0.1885,0.7,0.05,0.1885,0.6994,-0.15,0.1037,0.6992,0.0524,0.1867,0.6996,0.0514,0.1868,0.0096,0.0415,0.0254,0.0,0.0,0.0,-0.0216,-0.2121,-0.0045,-0.0276,0.1482,0.4297,0.2569,0.0047,0.0002,0.001,0.005,-0.0118,-0.0005,-0.0003,3.0,3.0
0.05,0.7,-0.15,0.1175,0.7,0.05,0.1885,0.7,0.05,0.1885,0.6993,-0.15,0.1106,0.6992,0.0523,0.1868,0.6996,0.0513,0.1868,0.0097,0.0405,0.0248,0.0,0.0,0.0,-0.0169,-0.2119,-0.0036,-0.0226,0.1364,0.4292,0.2566,0.0047,0.0002,0.001,0.0051,-0.0119,-0.0005,-0.0003,3.0,3.0
0.05,0.7,-0.15,0.1245,0.7,0.05,0.1885,0.7,0.05,0.1885,0.6993,-0.15,0.1175,0.6992,0.0522,0.1869,0.6996,0.0513,0.1869,0.0098,0.0396,0.0242,0.0,0.0,0.0,-0.0121,-0.2118,-0.0026,-0.0175,0.1245,0.4287,0.2562,0.0048,0.0002,0.001,0.0051,-0.012,-0.0005,-0.0003,3.0,3.0
0.05,0.7,-0.15,0.1315,0.7,0.05,0.1885,0.7,0.05,0.1885,0.6993,-0.15,0.1245,0.6992,0.0521,0.1869,0.6996,0.0512,0.187,0.0098,0.0386,0.0236,0.0,0.0,0.0,-0.0074,-0.2116,-0.0015,-0.0124,0.1125,0.4282,0.2559,0.0048,0.0002,0.001,0.0051,-0.012,-0.0005,-0.0003,3.0,3.0
0.05,0.7,-0.15,0.1385,0.7,0.05,0.1885,0.7,0.05,0.1885,0.6993,-0.15,0.1315,0.6992,0.052,0.187,0.6995,0.0512,0.1871,0.0098,0.0376,0.023,0.0,0.0,0.0,-0.0026,-0.2114,-0.0005,-0.0073,0.1005,0.4277,0.2556,0.0048,0.0002,0.001,0.0051,-0.012,-0.0005,-0.0003,3.0,3.0
0.05,0.7,-0.15,0.1455,0.7,0.05,0.1885,0.7,0.05,0.1885,0.6993,-0.15,0.1385,0.6992,0.0519,0.1871,0.6995,0.0511,0.1871,0.0098,0.0367,0.0224,0.0,0.0,0.0,0.0022,-0.2112,0.0005,-0.0022,0.0885,0.4271,0.2553,0.0048,0.0002,0.001,0.0051,-0.012,-0.0005,-0.0003,3.0,3.0
0.05,0.7,-0.15,0.1525,0.7,0.05,0.1885,0.7,0.05,0.1885,0.6993,-0.15,0.1455,0.6992,0.0518,0.1872,0.6995,0.0511,0.1872,0.0098,0.0357,0.0218,0.0,0.0,0.0,0.007,-0.211,0.0015,0.0029,0.0764,0.4266,0.2549,0.0048,0.0002,0.001,0.0051,-0.012,-0.0005,-0.0003,3.0,3.0
0.05,0.7,-0.15,0.1595,0.7,0.05,0.1885,0.7,0.05,0.1885,0.6993,-0.15,0.1525,0.6992,0.0517,0.1872,0.6995,0.051,0.1873,0.0097,0.0348,0.0212,0.0,0.0,0.0,0.0118,-0.2108,0.0025,0.008,0.0645,0.4261,0.2546,0.0047,0.0002,0.001,0.0051,-0.0119,-0.0005,-0.0003,3.0,3.0
0.05,0.7,-0.15,0.1664,0.7,0.05,0.1885,0.7,0.05,0.1885,0.6993,-0.15,0.1595,0.6992,0.0516,0.1873,0.6995,0.051,0.1873,0.0096,0.0338,0.0207,0.0,0.0,0.0,0.0166,-0.2106,0.0035,0.0131,0.0526,0.4255,0.2542,0.0047,0.0002,0.001,0.005,-0.0118,-0.0005,-0.0003,3.0,3.0
0.05,0.7,-0.15,0.1733,0.7,0.05,0.1885,0.7,0.05,0.1885,0.6993,-0.15,0.1664,0.6992,0.0516,0.1873,0.6994,0.0509,0.1874,0.0095,0.0329,0.0201,0.0,0.0,0.0,0.0213,-0.2104,0.0044,0.0181,0.0408,0.425,0.2539,0.0046,0.0002,0.001,0.005,-0.0116,-0.0005,-0.0003,3.0,3.0
0.05,0.7,-0.15,0.18,0.7,0.05,0.1885,0.7,0.05,0.1885,0.6994,-0.15,0.1733,0.6992,0.0515,0.1874,0.6994,0.0509,0.1874,0.0094,0.032,0.0195,0.0,0.0,0.0,0.0259,-0.2102,0.0054,0.0231,0.0292,0.4244,0.2536,0.0046,0.0002,0.0009,0.0049,-0.0115,-0.0005,-0.0003,3.0,3.0
0.05,0.7,-0.15,0.1867,0.7,0.05,0.1885,0.7,0.05,0.1885,0.6994,-0.15,0.18,0.6992,0.0514,0.1874,0.6994,0.0508,0.1875,0.0092,0.0311,0.019,0.0,0.0,0.0,0.0305,-0.21,0.0064,0.028,0.0177,0.4239,0.2532,0.0045,0.0002,0.0009,0.0048,-0.0112,-0.0005,-0.0003,3.0,3.0
0.05,0.7,-0.15,0.1933,0.7,0.05,0.1885,0.7,0.05,0.1885,0.6994,-0.15,0.1867,0.6992,0.0513,0.1875,0.6994,0.0508,0.1875,0.009,0.0302,0.0184,0.0,0.0,0.0,0.035,-0.2097,0.0073,0.0328,0.0065,0.4233,0.2529,0.0044,0.0002,0.0009,0.0047,-0.011,-0.0005,-0.0003,3.0,3.0
0.05,0.7,-0.15,0.1997,0.7,0.05,0.1885,0.7,0.05,0.1885,0.6994,-0.15,0.1932,0.6992,0.0513,0.1875,0.6994,0.0508,0.1875,0.0088,0.0293,0.0179,0.0,0.0,0.0,0.0394,-0.2095,0.0082,0.0375,-0.0045,0.4228,0.2525,0.0043,0.0002,0.0009,0.0046,-0.0108,-0.0005,-0.0003,3.0,3.0
0.05,0.7,-0.15,0.2059,0.7,0.05,0.1885,0.7,0.05,0.1885,0.6994,-0.15,0.1996,0.6992,0.0512,0.1875,0.6994,0.0507,0.1876,0.0086,0.0285,0.0174,0.0,0.0,0.0,0.0437,-0.2093,0.0091,0.042,-0.0153,0.4223,0.2522,0.0042,0.0002,0.0009,0.0045,-0.0105,-0.0005,-0.0003,3.0,3.0
0.05,0.7,-0.15,0.212,0.7,0.05,0.1885,0.7,0.05,0.1885,0.6994,-0.15,0.2059,0.6992,0.0511,0.1876,0.6994,0.0507,0.1876,0.0083,0.0277,0.0169,0.0,0.0,0.0,0.0479,-0.2091,0.0099,0.0465,-0.0258,0.4218,0.2519,0.0041,0.0002,0.0008,0.0043,-0.0102,-0.0005,-0.0003,3.0,3.0
0.05,0.7,-0.15,0.2179,0.7,0.05,0.1885,0.7,0.05,0.1885,0.6994,-0.15,0.212,0.6992,0.0511,0.1876,0.6994,0.0506,0.1876,0.0081,0.0269,0.0164,0.0,0.0,0.0,0.0519,-0.2089,0.0108,0.0509,-0.0359,0.4212,0.2516,0.0039,0.0002,0.0008,0.0042,-0.0098,-0.0005,-0.0003,3.0,3.0
0.05,0.7,-0.15,0.2237,0.7,0.05,0.1885,0.7,0.05,0.1885,0.6995,-0.15,0.2179,0.6993,0.051,0.1876,0.6994,0.0506,0.1876,0.0078,0.0261,0.0159,0.0,0.0,0.0,0.0559,-0.2087,0.0116,0.0551,-0.0458,0.4207,0.2513,0.0038,0.0002,0.0008,0.0041,-0.0095,-0.0005,-0.0003,3.0,3.0
0.05,0.7,-0.15,0.2292,0.7,0.05,0.1885,0.7,0.05,0.1885,0.6995,-0.15,0.2236,0.6993,0.051,0.1876,0.6995,0.0506,0.1876,0.0075,0.0254,0.0155,0.0,0.0,0.0,0.0597,-0.2085,0.0124,0.0591,-0.0553,0.4203,0.2509,0.0037,0.0002,0.0007,0.0039,-0.0091,-0.0005,-0.0003,3.0,3.0
0.05,0.7,-0.15,0.2345,0.7,0.05,0.1885,0.7,0.05,0.1885,0.6995,-0.15,0.2292,0.6993,0.0509,0.1876,0.6995,0.0506,0.1877,0.0072,0.0247,0.0151,0.0,0.0,0.0,0.0633,-0.2083,0.0131,0.063,-0.0644,0.4198,0.2506,0.0035,0.0002,0.0007,0.0037,-0.0087,-0.0005,-0.0003,3.0,3.0
0.05,0.7,-0.15,0.2396,0.7,0.05,0.1885,0.7,0.05,0.1885,0.6995,-0.15,0.2345,0.6993,0.0509,0.1876,0.6995,0.0505,0.1877,0.0068,0.024,0.0147,0.0,0.0,0.0,0.0668,-0.2081,0.0138,0.0667,-0.0731,0.4193,0.2504,0.0033,0.0002,0.0007,0.0036,-0.0083,-0.0004,-0.0003,3.0,3.0
0.05,0.7,-0.15,0.2444,0.7,0.05,0.1885,0.7,0.05,0.1885,0.6995,-0.15,0.2395,0.6994,0.0508,0.1877,0.6995,0.0505,0.1877,0.0065,0.0234,0.0143,0.0,0.0,0.0,0.0702,-0.2079,0.0145,0.0703,-0.0815,0.4189,0.2501,0.0032,0.0002,0.0006,0.0034,-0.0079,-0.0004,-0.0003,3.0,3.0
0.05,0.7,-0.15,0.249,0.7,0.05,0.1885,0.7,0.05,0.1885,0.6996,-0.15,0.2444,0.6994,0.0508,0.1877,0.6995,0.0505,0.1877,0.0062,0.0228,0.0139,0.0,0.0,0.0,0.0734,-0.2077,0.0152,0.0737,-0.0894,0.4185,0.2498,0.003,0.0002,0.0006,0.0032,-0.0075,-0.0004,-0.0003,3.0,3.0
0.05,0.7,-0.15,0.2533,0.7,0.05,0.1885,0.7,0.05,0.1885,0.6996,-0.15,0.249,0.6994,0.0508,0.1877,0.6995,0.0505,0.1877,0.0058,0.0222,0.0136,0.0,0.0,0.0,0.0764,-0.2076,0.0158,0.0769,-0.0969,0.4181,0.2496,0.0028,0.0002,0.0006,0.003,-0.0071,-0.0004,-0.0002,3.0,3.0
0.05,0.7,-0.15,0.2574,0.7,0.05,0.1885,0.7,0.05,0.1885,0.6996,-0.15,0.2533,0.6994,0.0507,0.1876,0.6996,0.0504,0.1877,0.0054,0.0217,0.0132,0.0,0.0,0.0,0.0792,-0.2074,0.0163,0.0799,-0.104,0.4177,0.2493,0.0027,0.0002,0.0005,0.0028,-0.0066,-0.0004,-0.0002,3.0,3.0
0.05,0.7,-0.15,0.2613,0.7,0.05,0.1885,0.7,0.05,0.1885,0.6996,-0.15,0.2574,0.6995,0.0507,0.1876,0.6996,0.0504,0.1877,0.0051,0.0212,0.0129,0.0,0.0,0.0,0.0819,-0.2073,0.0169,0.0827,-0.1107,0.4173,0.2491,0.0025,0.0001,0.0005,0.0026,-0.0062,-0.0003,-0.0002,3.0,3.0
0.05,0.7,-0.15,0.2648,0.7,0.05,0.1885,0.7,0.05,0.1885,0.6997,-0.15,0.2612,0.6995,0.0507,0.1876,0.6996,0.0504,0.1876,0.0047,0.0207,0.0127,0.0,0.0,0.0,0.0843,-0.2071,0.0174,0.0854,-0.1169,0.417,0.2489,0.0023,0.0001,0.0005,0.0025,-0.0058,-0.0003,-0.0002,3.0,3.0
0.05,0.7,-0.15,0.2681,0.7,0.05,0.1885,0.7,0.05,0.1885,0.6997,-0.15,0.2648,0.6995,0.0506,0.1876,0.6996,0.0504,0.1876,0.0043,0.0203,0.0124,0.0,0.0,0.0,0.0866,-0.207,0.0178,0.0878,-0.1226,0.4167,0.2487,0.0021,0.0001,0.0004,0.0023,-0.0053,-0.0003,-0.0002,3.0,3.0
0.05,0.7,-0.15,0.2711,0.7,0.05,0.1885,0.7,0.05,0.1885,0.6997,-0.15,0.2681,0.6996,0.0506,0.1876,0.6997,0.0504,0.1876,0.004,0.0199,0.0121,0.0,0.0,0.0,0.0888,-0.2068,0.0183,0.0901,-0.1279,0.4164,0.2485,0.0019,0.0001,0.0004,0.0021,-0.0049,-0.0003,-0.0002,3.0,3.0
0.05,0.7,-0.15,0.2739,0.7,0.05,0.1885,0.7,0.05,0.1885,0.6997,-0.15,0.2711,0.6996,0.0506,0.1876,0.6997,0.0504,0.1876,0.0036,0.0195,0.0119,0.0,0.0,0.0,0.0907,-0.2067,0.0187,0.0922,-0.1328,0.4161,0.2483,0.0018,0.0001,0.0004,0.0019,-0.0044,-0.0003,-0.0002,3.0,3.0
0.05,0.7,-0.15,0.2763,0.7,0.05,0.1885,0.7,0.05,0.1885,0.6998,-0.15,0.2738,0.6996,0.0506,0.1876,0.6997,0.0503,0.1876,0.0033,0.0192,0.0117,0.0,0.0,0.0,0.0925,-0.2066,0.019,0.0941,-0.1372,0.4158,0.2481,0.0016,0.0001,0.0003,0.0017,-0.004,-0.0002,-0.0001,3.0,3.0
0.05,0.7,-0.15,0.2786,0.7,0.05,0.1885,0.7,0.05,0.1885,0.6998,-0.15,0.2763,0.6997,0.0505,0.1875,0.6998,0.0503,0.1876,0.0029,0.0189,0.0115,0.0,0.0,0.0,0.0941,-0.2065,0.0193,0.0958,-0.1412,0.4156,0.248,0.0014,0.0001,0.0003,0.0015,-0.0036,-0.0002,-0.0001,3.0,3.0
0.05,0.7,-0.15,0.2805,0.7,0.05,0.1885,0.7,0.05,0.1885,0.6998,-0.15,0.2785,0.6997,0.0505,0.1875,0.6998,0.0503,0.1875,0.0,0.0186,0.0114,0.0,0.0,0.0,0.0955,-0.2064,0.0196,0.0973,-0.1448,0.4154,0.2479,0.0,-0.0,-0.0,0.0,-0.0006,-0.0001,-0.0001,3.0,3.0
0.05,0.7,-0.15,0.2822,0.7,0.05,0.1885,0.7,0.05,0.1885,0.7003,-0.1501,0.2786,0.7,0.0505,0.1872,0.7,0.0503,0.1872,0.0048,0.0184,0.0113,0.0,0.0,0.0,0.0955,-0.2064,0.0196,0.0973,-0.1454,0.4153,0.2478,0.0024,0.0001,0.0005,0.0025,-0.0048,-0.0001,-0.0001,3.0,3.0
0.05,0.7,-0.15,0.2837,0.7,0.05,0.1885,0.7,0.05,0.1885,0.6997,-0.15,0.2822,0.6995,0.0505,0.1878,0.6996,0.0503,0.1878,0.0,0.0183,0.0112,0.0,0.0,0.0,0.0978,-0.2063,0.0201,0.0998,-0.1502,0.4152,0.2477,0.0,0.0,-0.0,0.0,-0.001,-0.0002,-0.0001,3.0,3.0
0.05,0.7,-0.15,0.2849,0.7,0.05,0.1885,0.7,0.05,0.1885,0.7003,-0.1501,0.2823,0.7,0.0505,0.1872,0.7,0.0503,0.1872,0.0035,0.018,0.0111,0.0,0.0,0.0,0.0978,-0.2063,0.0201,0.0998,-0.1511,0.415,0.2477,0.0017,0.0001,0.0003,0.0018,-0.0035,-0.0001,-0.0001,3.0,3.0
0.05,0.7,-0.15,0.2859,0.7,0.05,0.1885,0.7,0.05,0.1885,0.6998,-0.15,0.2849,0.6996,0.0505,0.1876,0.6997,0.0503,0.1876,0.0,0.0179,0.011,0.0,0.0,0.0,0.0996,-0.2062,0.0205,0.1016,-0.1547,0.4149,0.2476,-0.0,0.0,0.0,-0.0,-0.0007,-0.0002,-0.0001,3.0,3.0
0.05,0.7,-0.15,0.2867,0.7,0.05,0.1885,0.7,0.05,0.1885,0.7002,-0.1501,0.285,0.7,0.0505,0.1873,0.7,0.0503,0.1873,0.0,0.0177,0.0109,0.0,0.0,0.0,0.0996,-0.2062,0.0205,0.1016,-0.1554,0.4148,0.2475,0.0,0.0,-0.0,0.0,0.0,-0.0,-0.0,3.0,3.0
0.05,0.7,-0.15,0.2874,0.7,0.05,0.1885,0.7,0.05,0.1885,0.7003,-0.1501,0.285,0.7,0.0505,0.1873,0.7,0.0503,0.1873,0.0032,0.0177,0.0109,0.0,0.0,0.0,0.0996,-0.2062,0.0205,0.1016,-0.1554,0.4148,0.2475,0.0016,0.0001,0.0003,0.0017,-0.0032,-0.0001,-0.0001,3.0,3.0
0.05,0.7,-0.15,0.2878,0.7,0.05,0.1885,0.7,0.05,0.1885,0.6998,-0.15,0.2873,0.6997,0.0505,0.1876,0.6997,0.0503,0.1876,0.0,0.0177,0.0108,0.0,0.0,0.0,0.1011,-0.2061,0.0208,0.1033,-0.1586,0.4147,0.2474,-0.0,0.0,0.0,-0.0,-0.0006,-0.0001,-0.0001,3.0,3.0
0.05,0.7,-0.15,0.2881,0.7,0.05,0.1885,0.7,0.05,0.1885,0.7001,-0.1501,0.2874,0.7,0.0504,0.1873,0.7,0.0503,0.1873,0.0,0.0174,0.0107,0.0,0.0,0.0,0.1011,-0.2061,0.0208,0.1033,-0.1592,0.4145,0.2473,0.0,0.0,-0.0,0.0,0.0,-0.0,-0.0,3.0,3.0
0.05,0.7,-0.15,0.2883,0.7,0.05,0.1885,0.7,0.05,0.1885,0.7001,-0.1501,0.2874,0.7,0.0504,0.1873,0.7,0.0503,0.1873,0.0,0.0174,0.0107,0.0,0.0,0.0,0.1011,-0.2061,0.0208,0.1033,-0.1592,0.4145,0.2473,0.0,-0.0,0.0,-0.0,0.0,0.0,0.0,3.0,3.0
0.05,0.7,-0.15,0.2884,0.7,0.05,0.1885,0.7,0.05,0.1885,0.7002,-0.1501,0.2874,0.7,0.0504,0.1873,0.7,0.0503,0.1873,0.0,0.0174,0.0107,0.0,0.0,0.0,0.1011,-0.2061,0.0208,0.1033,-0.1592,0.4145,0.2473,0.0,0.0,-0.0,0.0,-0.0,0.0,0.0,3.0,3.0
0.05,0.7,-0.15,0.2885,0.7,0.05,0.1885,0.7,0.05,0.1885,0.7002,-0.1501,0.2874,0.7,0.0504,0.1873,0.7,0.0503,0.1873,0.0,0.0174,0.0107,0.0,0.0,0.0,0.1011,-0.2061,0.0208,0.1033,-0.1592,0.4145,0.2473,-0.0,-0.0,0.0,-0.0,-0.0,-0.0,-0.0,3.0,3.0
0.05,0.7,-0.15,0.2885,0.7,0.05,0.1885,0.7,0.05,0.1885,0.7002,-0.1501,0.2874,0.7,0.0504,0.1873,0.7,0.0503,0.1873,0.0,0.0174,0.0107,0.0,0.0,0.0,0.1011,-0.2061,0.0208,0.1033,-0.1592,0.4145,0.2473,0.0,-0.0,0.0,-0.0,0.0,-0.0,-0.0,3.0,3.0
0.05,0.7,-0.15,0.2885,0.7,0.05,0.1885,0.7,0.05,0.1885,0.7002,-0.1501,0.2874,0.7,0.0504,0.1873,0.7,0.0503,0.1873,0.0,0.0174,0.0107,0.0,0.0,0.0,0.1011,-0.2061,0.0208,0.1033,-0.1592,0.4145,0.2473,0.0,-0.0,0.0,-0.0,0.0,-0.0,0.0,3.0,3.0
0.05,0.7,-0.15,0.2885,0.7,0.05,0.1885,0.7,0.05,0.1885,0.7002,-0.1501,0.2874,0.7,0.0504,0.1873,0.7,0.0503,0.1873,0.0,0.0174,0.0107,0.0,0.0,0.0,0.1011,-0.2061,0.0208,0.1033,-0.1592,0.4145,0.2473,0.0,-0.0,0.0,-0.0,-0.0,-0.0,-0.0,3.0,3.0
0.05,0.7,-0.1499,0.2885,0.7,0.05,0.1885,0.7,0.05,0.1885,0.7002,-0.1501,0.2874,0.7,0.0504,0.1873,0.7,0.0503,0.1873,0.0,0.0174,0.0107,0.0,0.0,0.0,0.1011,-0.2061,0.0208,0.1033,-0.1592,0.4145,0.2473,0.0,-0.0,0.0,-0.0,-0.0,-0.0,-0.0,3.0,3.0
0.05,0.7,-0.1497,0.2885,0.7,0.05,0.1885,0.7,0.05,0.1885,0.7002,-0.1501,0.2874,0.7,0.0504,0.1873,0.7,0.0503,0.1873,0.0,0.0174,0.0107,0.0,0.0,0.0,0.1011,-0.2061,0.0208,0.1033,-0.1592,0.4145,0.2473,0.0,-0.0,0.0,-0.0,-0.0,-0.0,-0.0,3.0,3.0
0.05,0.7,-0.1493,0.2885,0.7,0.05,0.1885,0.7,0.05,0.1885,0.7001,-0.1501,0.2874,0.7,0.0504,0.1873,0.7,0.0503,0.1873,0.0,0.0174,0.0107,0.0,0.0,0.0,0.1011,-0.2061,0.0208,0.1033,-0.1592,0.4145,0.2473,0.0,-0.0,0.0,-0.0,-0.0,-0.0,-0.0,3.0,3.0
0.05,0.7,-0.1489,0.2885,0.7,0.05,0.1885,0.7,0.05,0.1885,0.7001,-0.1501,0.2874,0.7,0.0504,0.1873,0.7,0.0503,0.1873,0.0,0.0174,0.0107,0.0,0.0,0.0,0.1011,-0.2061,0.0208,0.1033,-0.1592,0.4145,0.2473,0.0,-0.0,0.0,-0.0,-0.0,-0.0,-0.0,3.0,3.0
0.05,0.7,-0.1482,0.2885,0.7,0.05,0.1885,0.7,0.05,0.1885,0.7,-0.15,0.2874,0.7,0.0504,0.1873,0.7,0.0503,0.1873,0.0029,0.0174,0.0107,0.0,0.0,0.0,0.1011,-0.2061,0.0208,0.1033,-0.1592,0.4145,0.2473,0.0007,0.0024,-0.0001,0.0008,-0.0016,-0.0024,-0.0024,3.0,3.0
0.05,0.7,-0.1474,0.2885,0.7,0.05,0.1885,0.7,0.05,0.1885,0.6999,-0.1482,0.2885,0.7,0.0507,0.1875,0.6998,0.0506,0.1875,0.0,0.0173,0.0106,0.0,0.0,0.0,0.1019,-0.2037,0.0207,0.104,-0.1608,0.4121,0.2449,0.0,-0.0,0.0,0.0,-0.0003,-0.0004,-0.0006,3.0,3.0
0.05,0.7,-0.1464,0.2885,0.7,0.05,0.1885,0.7,0.05,0.1885,0.6998,-0.1482,0.2885,0.7,0.0504,0.1873,0.7,0.0503,0.1873,0.0,0.0172,0.0105,0.0,0.0,0.0,0.1019,-0.2037,0.0207,0.104,-0.1611,0.4117,0.2444,-0.0,0.0,0.0,-0.0,0.0,-0.0,-0.0,3.0,3.0
0.05,0.7,-0.1452,0.2885,0.7,0.05,0.1885,0.7,0.05,0.1885,0.6996,-0.1482,0.2884,0.7,0.0504,0.1873,0.7,0.0502,0.1873,0.0041,0.0172,0.0105,0.0,0.0,0.0,0.1019,-0.2037,0.0207,0.104,-0.1611,0.4117,0.2444,0.0,0.0041,-0.0004,0.0,-0.0002,-0.0041,-0.0041,3.0,3.0
0.05,0.7,-0.1437,0.2885,0.7,0.05,0.1885,0.7,0.05,0.1885,0.7,-0.1452,0.2885,0.7003,0.0509,0.1873,0.6999,0.0508,0.1873,0.0,0.017,0.0104,0.0,0.0,0.0,0.1019,-0.1996,0.0203,0.1041,-0.1613,0.4076,0.2402,-0.0,-0.0,0.0,-0.0,-0.0,-0.0006,-0.0009,3.0,3.0
0.05,0.7,-0.142,0.2885,0.7,0.05,0.1885,0.7,0.05,0.1885,0.6997,-0.1451,0.2884,0.7,0.0504,0.1873,0.7,0.0502,0.1873,0.0043,0.017,0.0103,0.0,0.0,0.0,0.1019,-0.1996,0.0203,0.1041,-0.1613,0.4069,0.2393,0.0,0.0042,-0.0004,0.0,-0.0002,-0.0043,-0.0043,3.0,3.0
0.05,0.7,-0.1401,0.2885,0.7,0.05,0.1885,0.7,0.05,0.1885,0.7,-0.142,0.2885,0.7003,0.0509,0.1874,0.6999,0.0508,0.1873,0.0,0.0168,0.0102,0.0,0.0,0.0,0.1019,-0.1953,0.0199,0.1041,-0.1615,0.4027,0.235,-0.0,0.0,-0.0,-0.0,-0.0,-0.0006,-0.001,3.0,3.0
0.05,0.7,-0.1378,0.2885,0.7,0.05,0.1885,0.7,0.05,0.1885,0.6996,-0.1419,0.2884,0.7,0.0504,0.1873,0.7,0.0502,0.1873,0.0056,0.0168,0.0101,0.0,0.0,0.0,0.1019,-0.1953,0.0199,0.1041,-0.1615,0.402,0.234,0.0001,0.0056,-0.0006,0.0001,-0.0003,-0.0056,-0.0056,3.0,3.0
0.05,0.7,-0.1354,0.2885,0.7,0.05,0.1885,0.7,0.05,0.1885,0.7,-0.1378,0.2885,0.7004,0.051,0.1874,0.6999,0.051,0.1874,0.0034,0.0165,0.0099,0.0,0.0,0.0,0.102,-0.1897,0.0193,0.1042,-0.1618,0.3964,0.2284,0.0,0.0033,-0.0003,0.0,-0.0002,-0.0042,-0.0046,3.0,3.0
0.05,0.7,-0.1326,0.2885,0.7,0.05,0.1885,0.7,0.05,0.1885,0.7,-0.1354,0.2885,0.7002,0.0508,0.1874,0.6999,0.0507,0.1874,0.0037,0.0163,0.0096,0.0,0.0,0.0,0.102,-0.1864,0.019,0.1042,-0.162,0.3922,0.2238,0.0,0.0037,-0.0004,0.0,-0.0002,-0.0042,-0.0045,3.0,3.0
0.05,0.7,-0.1296,0.2885,0.7,0.05,0.1885,0.7,0.05,0.1885,0.7,-0.1326,0.2885,0.7002,0.0508,0.1874,0.6999,0.0507,0.1874,0.0041,0.0162,0.0095,0.0,0.0,0.0,0.1021,-0.1827,0.0186,0.1043,-0.1622,0.388,0.2193,0.0,0.0041,-0.0004,0.0,-0.0002,-0.0047,-0.0049,3.0,3.0
0.05,0.7,-0.1263,0.2885,0.7,0.05,0.1885,0.7,0.05,0.1885,0.7,-0.1296,0.2885,0.7003,0.0509,0.1874,0.6999,0.0508,0.1874,0.0045,0.016,0.0092,0.0,0.0,0.0,0.1021,-0.1786,0.0182,0.1043,-0.1624,0.3833,0.2144,0.0,0.0044,-0.0004,0.0,-0.0002,-0.0051,-0.0054,3.0,3.0
0.05,0.7,-0.1228,0.2885,0.7,0.05,0.1885,0.7,0.05,0.1885,0.7,-0.1263,0.2885,0.7003,0.0509,0.1875,0.6999,0.0508,0.1875,0.0048,0.0157,0.009,0.0,0.0,0.0,0.1021,-0.1742,0.0178,0.1043,-0.1626,0.3782,0.209,0.0,0.0048,-0.0005,0.0,-0.0002,-0.0055,-0.0058,3.0,3.0
0.05,0.7,-0.1189,0.2885,0.7,0.05,0.1885,0.7,0.05,0.1885,0.7,-0.1228,0.2885,0.7003,0.0509,0.1875,0.6999,0.0508,0.1875,0.0052,0.0155,0.0088,0.0,0.0,0.0,0.1022,-0.1694,0.0173,0.1044,-0.1628,0.3727,0.2032,0.0,0.0052,-0.0005,0.0,-0.0002,-0.006,-0.0063,3.0,3.0
0.05,0.7,-0.1149,0.2885,0.7,0.05,0.1885,0.7,0.05,0.1885,0.7,-0.1189,0.2885,0.7003,0.051,0.1875,0.6999,0.0509,0.1875,0.0056,0.0152,0.0085,0.0,0.0,0.0,0.1022,-0.1642,0.0168,0.1044,-0.163,0.3667,0.1969,0.0,0.0055,-0.0006,0.0,-0.0002,-0.0064,-0.0067,3.0,3.0
0.05,0.7,-0.1105,0.2885,0.7,0.05,0.1885,0.7,0.05,0.1885,0.7,-0.1149,0.2885,0.7004,0.051,0.1875,0.6998,0.0509,0.1875,0.0059,0.015,0.0082,0.0,0.0,0.0,0.1023,-0.1587,0.0162,0.1045,-0.1633,0.3604,0.1901,0.0,0.0059,-0.0006,0.0,-0.0002,-0.0068,-0.0072,3.0,3.0
0.05,0.7,-0.1059,0.2885,0.7,0.05,0.1885,0.7,0.05,0.1885,0.7,-0.1105,0.2885,0.7004,0.051,0.1876,0.6998,0.051,0.1876,0.0063,0.0147,0.0079,0.0,0.0,0.0,0.1023,-0.1527,0.0156,0.1045,-0.1635,0.3535,0.183,0.0,0.0063,-0.0006,0.0,-0.0003,-0.0072,-0.0076,3.0,3.0
0.05,0.7,-0.1011,0.2885,0.7,0.05,0.1885,0.7,0.05,0.1885,0.7,-0.1059,0.2885,0.7004,0.0511,0.1876,0.6998,0.051,0.1876,0.0066,0.0144,0.0076,0.0,0.0,0.0,0.1024,-0.1465,0.015,0.1046,-0.1638,0.3463,0.1753,0.0,0.0066,-0.0007,0.0,-0.0003,-0.0076,-0.008,3.0,3.0
0.05,0.7,-0.096,0.2885,0.7,0.05,0.1885,0.7,0.05,0.1885,0.7,-0.1011,0.2885,0.7004,0.0511,0.1876,0.6998,0.051,0.1876,0.007,0.0141,0.0073,0.0,0.0,0.0,0.1024,-0.1399,0.0143,0.1046,-0.164,0.3387,0.1673,0.0,0.0069,-0.0007,0.0,-0.0003,-0.008,-0.0085,3.0,3.0
0.05,0.7,-0.0907,0.2885,0.7,0.05,0.1885,0.7,0.05,0.1885,0.7,-0.096,0.2885,0.7004,0.0511,0.1877,0.6998,0.0511,0.1876,0.0073,0.0137,0.007,0.0,0.0,0.0,0.1024,-0.1329,0.0136,0.1047,-0.1643,0.3306,0.1588,0.0,0.0073,-0.0007,0.0,-0.0003,-0.0084,-0.0089,3.0,3.0
0.05,0.7,-0.0852,0.2885,0.7,0.05,0.1885,0.7,0.05,0.1885,0.7,-0.0907,0.2885,0.7005,0.0512,0.1877,0.6998,0.0511,0.1877,0.0076,0.0134,0.0066,0.0,0.0,0.0,0.1025,-0.1257,0.0129,0.1047,-0.1645,0.3222,0.15,0.0,0.0076,-0.0008,0.0,-0.0002,-0.0088,-0.0092,3.0,3.0
0.05,0.7,-0.0794,0.2885,0.7,0.05,0.1885,0.7,0.05,0.1885,0.7,-0.0852,0.2885,0.7005,0.0512,0.1877,0.6997,0.0511,0.1877,0.0079,0.013,0.0062,0.0,0.0,0.0,0.1025,-0.1181,0.0121,0.1048,-0.1648,0.3134,0.1407,0.0,0.0079,-0.0008,0.0,-0.0002,-0.0092,-0.0096,3.0,3.0
0.05,0.7,-0.0735,0.2885,0.7,0.05,0.1885,0.7,0.05,0.1885,0.7,-0.0794,0.2885,0.7005,0.0512,0.1878,0.6997,0.0511,0.1877,0.0082,0.0126,0.0059,0.0,0.0,0.0,0.1026,-0.1102,0.0113,0.1048,-0.165,0.3042,0.1311,0.0,0.0081,-0.0008,0.0,-0.0002,-0.0095,-0.0099,3.0,3.0
0.05,0.7,-0.0674,0.2885,0.7,0.05,0.1885,0.7,0.05,0.1885,0.7,-0.0735,0.2885,0.7005,0.0513,0.1878,0.6997,0.0512,0.1878,0.0085,0.0122,0.0055,0.0,0.0,0.0,0.1026,-0.1021,0.0105,0.1048,-0.1652,0.2947,0.1212,0.0,0.0084,-0.0009,0.0,-0.0002,-0.0098,-0.0102,3.0,3.0
0.05,0.7,-0.0612,0.2885,0.7,0.05,0.1885,0.7,0.05,0.1885,0.7,-0.0674,0.2885,0.7005,0.0513,0.1878,0.6997,0.0512,0.1878,0.0087,0.0118,0.0051,0.0,0.0,0.0,0.1027,-0.0937,0.0096,0.1049,-0.1655,0.2848,0.111,0.0,0.0087,-0.0009,0.0,-0.0002,-0.0101,-0.0105,3.0,3.0
0.05,0.7,-0.0548,0.2885,0.7,0.05,0.1885,0.7,0.05,0.1885,0.7,-0.0612,0.2885,0.7005,0.0513,0.1879,0.6997,0.0512,0.1878,0.0089,0.0114,0.0047,0.0,0.0,0.0,0.1027,-0.085,0.0088,0.1049,-0.1657,0.2747,0.1004,0.0,0.0089,-0.0009,0.0,-0.0002,-0.0104,-0.0108,3.0,3.0
0.05,0.7,-0.0482,0.2885,0.7,0.05,0.1885,0.7,0.05,0.1885,0.7,-0.0548,0.2885,0.7005,0.0513,0.1879,0.6996,0.0512,0.1879,0.0091,0.011,0.0043,0.0,0.0,0.0,0.1027,-0.0761,0.0078,0.105,-0.1658,0.2643,0.0896,0.0,0.0091,-0.0009,0.0,-0.0002,-0.0107,-0.011,3.0,3.0
0.05,0.7,-0.0416,0.2885,0.7,0.05,0.1885,0.7,0.05,0.1885,0.7,-0.0482,0.2885,0.7005,0.0513,0.1879,0.6996,0.0512,0.1879,0.0093,0.0106,0.0039,0.0,0.0,0.0,0.1028,-0.0671,0.0069,0.105,-0.166,0.2537,0.0786,0.0,0.0092,-0.001,0.0,-0.0002,-0.0109,-0.0113,3.0,3.0
0.05,0.7,-0.0348,0.2885,0.7,0.05,0.1885,0.7,0.05,0.1885,0.7,-0.0416,0.2885,0.7005,0.0514,0.188,0.6996,0.0512,0.1879,0.0094,0.0101,0.0035,0.0,0.0,0.0,0.1028,-0.0578,0.006,0.105,-0.1662,0.2428,0.0673,0.0,0.0094,-0.001,0.0,-0.0001,-0.0111,-0.0114,3.0,3.0
0.05,0.7,-0.0279,0.2885,0.7,0.05,0.1885,0.7,0.05,0.1885,0.7,-0.0348,0.2885,0.7005,0.0514,0.188,0.6996,0.0512,0.1879,0.0096,0.0097,0.0032,0.0,0.0,0.0,0.1028,-0.0484,0.005,0.105,-0.1663,0.2317,0.0559,0.0,0.0095,-0.001,0.0,-0.0001,-0.0113,-0.0116,3.0,3.0
0.05,0.7,-0.021,0.2885,0.7,0.05,0.1885,0.7,0.05,0.1885,0.7,-0.0279,0.2885,0.7005,0.0514,0.188,0.6996,0.0512,0.188,0.0097,0.0093,0.0029,0.0,0.0,0.0,0.1028,-0.0389,0.004,0.1051,-0.1664,0.2204,0.0443,0.0,0.0096,-0.001,0.0,-0.0001,-0.0114,-0.0117,3.0,3.0
0.05,0.7,-0.014,0.2885,0.7,0.05,0.1885,0.7,0.05,0.1885,0.7,-0.021,0.2885,0.7005,0.0514,0.188,0.6995,0.0512,0.188,0.0098,0.0088,0.0,0.0,0.0,0.0,0.1029,-0.0293,0.003,0.1051,-0.1665,0.209,0.0325,0.0,0.0097,-0.001,0.0,-0.0004,-0.0115,-0.0098,3.0,3.0
0.05,0.7,-0.007,0.2885,0.7,0.05,0.1885,0.7,0.05,0.1885,0.7,-0.014,0.2885,0.7005,0.0514,0.1878,0.6995,0.0524,0.1878,0.0098,0.0083,0.0043,0.0,0.0,0.0,0.1029,-0.0196,0.002,0.1051,-0.1669,0.1975,0.0228,0.0,0.0098,-0.001,0.0,0.0004,-0.0116,-0.0139,3.0,3.0
0.05,0.7,-0.0,0.2885,0.7,0.05,0.1885,0.7,0.05,0.1885,0.7,-0.007,0.2885,0.7005,0.0514,0.1881,0.6995,0.0512,0.1881,0.0098,0.0079,0.0,0.0,0.0,0.0,0.1029,-0.0098,0.001,0.1051,-0.1666,0.1859,0.0089,0.0,0.0098,-0.001,0.0,-0.0003,-0.0116,-0.0098,3.0,3.0
0.05,0.7,0.007,0.2885,0.7,0.05,0.1885,0.7,0.05,0.1885,0.7,0.0,0.2885,0.7005,0.0514,0.1879,0.6995,0.0524,0.1879,0.0098,0.0074,0.0042,0.0,0.0,0.0,0.1029,0.0,-0.0,0.1051,-0.1669,0.1743,-0.001,-0.0,0.0098,-0.001,-0.0,0.0004,-0.0117,-0.0139,3.0,3.0
0.05,0.7,0.014,0.2885,0.7,0.05,0.1885,0.7,0.05,0.1885,0.7,0.007,0.2885,0.7005,0.0514,0.1882,0.6995,0.0512,0.1881,0.0098,0.007,0.0,0.0,0.0,0.0,0.1029,0.0098,-0.001,0.1051,-0.1665,0.1626,-0.0149,-0.0,0.0098,-0.001,-0.0,-0.0002,-0.0117,-0.0098,3.0,3.0
0.05,0.7,0.021,0.2885,0.7,0.05,0.1885,0.7,0.05,0.1885,0.7,0.014,0.2885,0.7005,0.0514,0.188,0.6995,0.0524,0.188,0.0098,0.0065,0.0042,0.0,0.0,0.0,0.1029,0.0196,-0.002,0.1051,-0.1668,0.1509,-0.0247,-0.0,0.0097,-0.001,-0.0,0.0004,-0.0116,-0.0138,3.0,3.0
0.05,0.7,0.0279,0.2885,0.7,0.05,0.1885,0.7,0.05,0.1885,0.7,0.021,0.2885,0.7005,0.0513,0.1882,0.6995,0.0511,0.1882,0.0097,0.0061,0.0,0.0,0.0,0.0,0.1029,0.0293,-0.003,0.1051,-0.1664,0.1393,-0.0385,-0.0,0.0096,-0.001,-0.0,-0.0001,-0.0115,-0.0097,3.0,3.0
0.05,0.7,0.0348,0.2885,0.7,0.05,0.1885,0.7,0.05,0.1885,0.7,0.0279,0.2885,0.7005,0.0513,0.1881,0.6995,0.0523,0.188,0.0096,0.0056,0.0045,0.0,0.0,0.0,0.1028,0.0389,-0.004,0.1051,-0.1666,0.1278,-0.0482,-0.0,0.0095,-0.001,-0.0,0.0004,-0.0114,-0.0135,3.0,3.0
0.05,0.7,0.0416,0.2885,0.7,0.05,0.1885,0.7,0.05,0.1885,0.7,0.0348,0.2885,0.7005,0.0513,0.1882,0.6995,0.0511,0.1882,0.0094,0.0052,0.0032,0.0,0.0,0.0,0.1028,0.0484,-0.005,0.105,-0.1662,0.1164,-0.0618,-0.0,0.0094,-0.001,-0.0,0.0001,-0.0113,-0.0114,3.0,3.0
0.05,0.7,0.0482,0.2885,0.7,0.05,0.1885,0.7,0.05,0.1885,0.7,0.0416,0.2885,0.7004,0.0513,0.1883,0.6995,0.0511,0.1882,0.0093,0.0047,0.0036,0.0,0.0,0.0,0.1028,0.0578,-0.006,0.105,-0.1661,0.1051,-0.0731,-0.0,0.0092,-0.0009,-0.0,0.0002,-0.0111,-0.0112,3.0,3.0
0.05,0.7,0.0548,0.2885,0.7,0.05,0.1885,0.7,0.05,0.1885,0.7,0.0482,0.2885,0.7004,0.0513,0.1883,0.6995,0.051,0.1882,0.0091,0.0043,0.004,0.0,0.0,0.0,0.1028,0.0671,-0.0069,0.105,-0.1659,0.0939,-0.0843,-0.0,0.0091,-0.0009,-0.0,0.0002,-0.0109,-0.011,3.0,3.0
0.05,0.7,0.0612,0.2885,0.7,0.05,0.1885,0.7,0.05,0.1885,0.7,0.0548,0.2885,0.7004,0.0512,0.1883,0.6995,0.051,0.1883,0.0089,0.0039,0.0044,0.0,0.0,0.0,0.1027,0.0761,-0.0078,0.105,-0.1657,0.083,-0.0953,-0.0,0.0089,-0.0009,-0.0,0.0002,-0.0107,-0.0107,3.0,3.0
0.05,0.7,0.0674,0.2885,0.7,0.05,0.1885,0.7,0.05,0.1885,0.7,0.0612,0.2885,0.7004,0.0512,0.1883,0.6995,0.0509,0.1883,0.0087,0.0035,0.0048,0.0,0.0,0.0,0.1027,0.085,-0.0088,0.1049,-0.1655,0.0723,-0.106,-0.0,0.0087,-0.0009,-0.0,0.0002,-0.0105,-0.0104,3.0,3.0
0.05,0.7,0.0735,0.2885,0.7,0.05,0.1885,0.7,0.05,0.1885,0.7,0.0674,0.2885,0.7004,0.0512,0.1883,0.6995,0.0509,0.1883,0.0085,0.0031,0.0052,0.0,0.0,0.0,0.1027,0.0937,-0.0096,0.1049,-0.1653,0.0618,-0.1165,-0.0,0.0084,-0.0009,-0.0,0.0002,-0.0102,-0.0101,3.0,3.0
0.05,0.7,0.0794,0.2885,0.7,0.05,0.1885,0.7,0.05,0.1885,0.7,0.0735,0.2885,0.7004,0.0511,0.1883,0.6995,0.0509,0.1883,0.0082,0.0,0.0055,0.0,0.0,0.0,0.1026,0.1021,-0.0105,0.1048,-0.165,0.0516,-0.1266,-0.0,0.0081,-0.0008,-0.0,0.0003,-0.0082,-0.0098,3.0,3.0
0.05,0.7,0.0852,0.2885,0.7,0.05,0.1885,0.7,0.05,0.1885,0.7,0.0794,0.2885,0.7002,0.0521,0.1884,0.6995,0.0508,0.1883,0.0079,0.0038,0.0059,0.0,0.0,0.0,0.1026,0.1102,-0.0113,0.1048,-0.1647,0.0434,-0.1364,-0.0,0.0079,-0.0008,-0.0,0.0002,-0.0113,-0.0095,3.0,3.0
0.05,0.7,0.0907,0.2885,0.7,0.05,0.1885,0.7,0.05,0.1885,0.7,0.0852,0.2885,0.7003,0.051,0.1884,0.6995,0.0508,0.1883,0.0076,0.0,0.0063,0.0,0.0,0.0,0.1025,0.1181,-0.0121,0.1048,-0.1645,0.0321,-0.1459,-0.0,0.0076,-0.0008,-0.0,0.0002,-0.0076,-0.0091,3.0,3.0
0.05,0.7,0.096,0.2885,0.7,0.05,0.1885,0.7,0.05,0.1885,0.7,0.0907,0.2885,0.7002,0.0519,0.1884,0.6995,0.0507,0.1883,0.0073,0.0033,0.0067,0.0,0.0,0.0,0.1025,0.1257,-0.0129,0.1047,-0.1643,0.0245,-0.155,-0.0,0.0073,-0.0007,-0.0,0.0003,-0.0105,-0.0087,3.0,3.0
0.05,0.7,0.1011,0.2885,0.7,0.05,0.1885,0.7,0.05,0.1885,0.7,0.096,0.2885,0.7003,0.051,0.1884,0.6995,0.0507,0.1884,0.007,0.0,0.007,0.0,0.0,0.0,0.1024,0.1329,-0.0136,0.1047,-0.164,0.014,-0.1638,-0.0,0.0069,-0.0007,-0.0,0.0002,-0.007,-0.0084,3.0,3.0
0.05,0.7,0.1059,0.2885,0.7,0.05,0.1885,0.7,0.05,0.1885,0.7,0.1011,0.2885,0.7001,0.0518,0.1884,0.6995,0.0506,0.1883,0.0066,0.003,0.0074,0.0,0.0,0.0,0.1024,0.1399,-0.0143,0.1046,-0.1638,0.007,-0.1721,-0.0,0.0066,-0.0007,-0.0,0.0003,-0.0096,-0.0079,3.0,3.0
0.05,0.7,0.1105,0.2885,0.7,0.05,0.1885,0.7,0.05,0.1885,0.7,0.1059,0.2885,0.7002,0.0509,0.1884,0.6995,0.0506,0.1884,0.0063,0.0,0.0077,0.0,0.0,0.0,0.1024,0.1465,-0.015,0.1046,-0.1634,-0.0025,-0.1801,-0.0,0.0063,-0.0006,-0.0,0.0002,-0.0063,-0.0075,3.0,3.0
0.05,0.7,0.1149,0.2885,0.7,0.05,0.1885,0.7,0.05,0.1885,0.7,0.1105,0.2885,0.7001,0.0516,0.1884,0.6996,0.0505,0.1883,0.0059,0.0,0.008,0.0,0.0,0.0,0.1023,0.1527,-0.0156,0.1045,-0.1633,-0.0088,-0.1876,-0.0,0.0059,-0.0006,-0.0,0.0002,-0.0059,-0.0071,3.0,3.0
0.05,0.7,0.1189,0.2885,0.7,0.05,0.1885,0.7,0.05,0.1885,0.7,0.1149,0.2885,0.7,0.0523,0.1883,0.6996,0.0505,0.1883,0.0056,0.004,0.0083,0.0,0.0,0.0,0.1023,0.1586,-0.0162,0.1045,-0.1631,-0.0148,-0.1947,-0.0,0.0055,-0.0006,-0.0,0.0004,-0.0095,-0.0067,3.0,3.0
0.05,0.7,0.1228,0.2885,0.7,0.05,0.1885,0.7,0.05,0.1885,0.7,0.1189,0.2885,0.7002,0.0507,0.1884,0.6996,0.0504,0.1884,0.0052,0.0,0.0086,0.0,0.0,0.0,0.1022,0.1642,-0.0168,0.1044,-0.1627,-0.0243,-0.2014,-0.0,0.0052,-0.0005,-0.0,0.0001,-0.0052,-0.0062,3.0,3.0
0.05,0.7,0.1263,0.2885,0.7,0.05,0.1885,0.7,0.05,0.1885,0.7,0.1228,0.2885,0.7001,0.0513,0.1884,0.6996,0.0504,0.1883,0.0048,0.0,0.0088,0.0,0.0,0.0,0.1022,0.1694,-0.0173,0.1044,-0.1625,-0.0295,-0.2076,-0.0,0.0048,-0.0005,-0.0,0.0002,-0.0048,-0.0058,3.0,3.0
0.05,0.7,0.1296,0.2885,0.7,0.05,0.1885,0.7,0.05,0.1885,0.7,0.1263,0.2885,0.7,0.0519,0.1883,0.6997,0.0503,0.1883,0.0045,0.0036,0.0091,0.0,0.0,0.0,0.1021,0.1742,-0.0178,0.1043,-0.1624,-0.0343,-0.2134,-0.0,0.0044,-0.0004,-0.0,0.0004,-0.0077,-0.0053,3.0,3.0
0.05,0.7,0.1326,0.2885,0.7,0.05,0.1885,0.7,0.05,0.1885,0.7,0.1296,0.2885,0.7002,0.0505,0.1884,0.6997,0.0503,0.1884,0.0041,0.0,0.0093,0.0,0.0,0.0,0.1021,0.1786,-0.0182,0.1043,-0.1619,-0.0421,-0.2187,-0.0,0.0041,-0.0004,-0.0,0.0,-0.0041,-0.0049,3.0,3.0
0.05,0.7,0.1354,0.2885,0.7,0.05,0.1885,0.7,0.05,0.1885,0.7,0.1326,0.2885,0.7001,0.051,0.1884,0.6997,0.0502,0.1883,0.0037,0.0,0.0095,0.0,0.0,0.0,0.1021,0.1827,-0.0186,0.1043,-0.1619,-0.0462,-0.2236,-0.0,0.0037,-0.0004,-0.0,0.0001,-0.0037,-0.0044,3.0,3.0
0.05,0.7,0.1378,0.2885,0.7,0.05,0.1885,0.7,0.05,0.1885,0.7,0.1354,0.2885,0.7,0.0515,0.1883,0.6997,0.0502,0.1883,0.0034,0.0034,0.0097,0.0,0.0,0.0,0.102,0.1864,-0.019,0.1042,-0.1618,-0.0499,-0.2281,-0.0,0.0033,-